date,open,high,low,close,Volume
2015-01-02,172,175.9,171.9,175,49049
2015-01-06,176,181,175,180,255134
2015-01-07,180,180.9,179,180,370302
2015-01-08,180.9,182.1,180,182,27002
2015-01-09,184,190.9,184,188,958161
2015-01-12,190,194,189.3,191,3078643
2015-01-13,190.1,192,187,190,168594
2015-01-16,190,190,188,188.5,24690
2015-01-19,188.5,188.5,177,180,451999
2015-01-20,180,183,180,180,546885
2015-01-21,180.1,181,178.1,179.5,105928
2015-01-22,180,180,177.1,179,742522
2015-01-23,181.5,181.5,179,180,57584
2015-01-26,180,180.1,180,180.1,53002
2015-01-27,181.5,181.5,180,180.5,664413
2015-01-28,181,181,179.5,180.5,238538
2015-01-29,180.5,180.5,179.5,180,2489287
2015-01-30,174,174,167.5,167.9,1066970
2015-02-02,167.5,168.1,158.1,159.5,228428
2015-02-05,161,163.5,161,163,1719917
2015-02-06,164,170,164,168.1,2178486
2015-02-09,168.6,170.2,168,168.5,83916
2015-02-10,168.6,174.4,168.6,174,1043805
2015-02-11,174.4,179,174,178,120261
2015-02-12,176.1,178,176.1,178,52857
2015-02-13,178,178,176,178,202836
2015-02-16,178,178,176,177.5,35056
2015-02-18,177,180,177,179.9,677285
2015-02-19,180,181,179.1,179.1,3463628
2015-02-20,180,180,179.1,179.5,19128
2015-02-23,180,180,178.8,179,611781
2015-02-24,179.9,180,178.1,178.1,54106
2015-02-25,179,180,179,180,155040
2015-02-26,179.5,179.5,178,178.2,93610
2015-02-27,178.5,179.5,177.5,178.5,1104856
2015-03-02,178.5,179.5,178.5,179.5,135292
2015-03-03,179.8,180.1,179,179,720371
2015-03-04,180,180,179.5,179.7,564
2015-03-06,179.5,180,178.1,179.5,184422
2015-03-09,180,181,179.5,181,36133
2015-03-10,180,184.3,180,183,164186
2015-03-11,184.9,184.9,181,182,316532
2015-03-12,181.9,183,181.9,182,1560
2015-03-13,182,182,180,181,57855
2015-03-16,180,180.8,179.5,179.5,104847
2015-03-17,179.5,179.5,179,179,53697
2015-03-18,178,178,174,177,80664
2015-03-19,175,178,175,177.9,27661
2015-03-20,177.5,178,176,178,24759
2015-03-23,177.9,179,177.4,177.4,30302
2015-03-24,176.9,176.9,172.5,172.5,45369
2015-03-25,172.5,174,171.5,172,50337
2015-03-26,172,172,167,167,40197
2015-03-27,169,169,166.5,166.7,42576
2015-03-30,166.8,166.8,161,161.3,137991
2015-03-31,160.1,166.8,160,166,91909
2015-04-01,163,167,163,167,11355
2015-04-02,167,167,162,166,120322
2015-04-06,166,166,163.5,165,1043169
2015-04-07,165,168,164,165,6699
2015-04-08,165,166,164,164.7,14168
2015-04-09,164,164.7,164,164,850252
2015-04-10,164,165,163.6,164,304703
2015-04-15,164,170,163.5,170,20541
2015-04-16,170,175,170,170.2,529131
2015-04-17,170,173,170,171,70757
2015-04-20,171,173,171,172,346929
2015-04-21,172,172,171.1,172,303854
2015-04-22,173,173,171.5,172,2137698
2015-04-23,172,172,171,171,55506
2015-04-24,171.1,172,171,171,68161
2015-04-27,172,172,170.7,171,173399
2015-04-28,171,171.9,171,171.3,439534
2015-04-29,172,172,171,172,303705
2015-04-30,172.5,172.5,171.5,172,172544
2015-05-05,173,173,171,172,681987
2015-05-06,172,172,169,172,1356651
2015-05-07,172,172,171.5,171.9,5305
2015-05-08,171,173,171,171.5,549202
2015-05-11,171,172,171,172,328829
2015-05-12,170,172,170,171.9,776085
2015-05-13,172,172,170.5,171.4,677086
2015-05-14,171.4,171.4,170,170,824245
2015-05-15,170,171,169,170,598820
2015-05-18,169.9,169.9,168.2,168.5,33329
2015-05-19,168.5,169,168.2,169,108165
2015-05-20,169.7,170,169,170,1240243
2015-05-21,170,171,169,169.5,626279
2015-05-22,169.1,170,168.5,169,50602
2015-05-25,169,169,165,165.1,56180
2015-05-26,165.1,166.9,165.1,165.1,2107043
2015-05-27,166.5,169,165,165,1698312
2015-05-28,167.5,167.5,164,165.9,3128141
2015-05-29,164.2,164.2,162,164,925771
2015-06-01,162.9,164,162,162.3,37730
2015-06-03,163,163,160,161,1010029
2015-06-04,162,162.1,161,162,626898
2015-06-05,162,163.9,161,162.1,45818
2015-06-08,163,163,162.1,162.1,27095
2015-06-09,163,163,162,162,41697
2015-06-10,162,163,162,162,11656
2015-06-11,161.5,162,161,161.1,22013
2015-06-12,161.5,162.2,161,161,533772
2015-06-15,163.5,163.5,162,163,8805
2015-06-16,163,165,162.7,163.5,7083
2015-06-17,163,165,163,165,16246
2015-06-18,165,165,164,164.9,15450
2015-06-19,164.5,165,161.3,161.3,64880
2015-06-22,162.1,162.1,160,161.1,85199
2015-06-23,161.2,161.2,160.7,161,32610
2015-06-24,161,161,160.2,160.5,18499
2015-06-25,161,161,160,160.6,286628
2015-06-26,160.5,160.9,160.5,160.5,1665906
2015-06-29,160.9,160.9,160.5,160.9,55215
2015-06-30,160.2,160.9,160.2,160.9,1296694
2015-07-02,160.5,164.9,160.2,161,43453
2015-07-03,161,162,161,162,22604
2015-07-06,161.1,162,161,162,42639
2015-07-07,162.5,162.5,161.1,161.1,92921
2015-07-08,161,161,160,160.9,205109
2015-07-09,161.9,162.5,160.8,162.1,164339
2015-07-10,162,165,162,164,45177
2015-07-13,163.4,165,163.4,165,20294
2015-07-14,165.1,166,165,165,29088
2015-07-15,165,170,164.5,169.5,247142
2015-07-16,169.5,171,168.1,170,1353611
2015-07-17,170,170,168.2,169.5,123933
2015-07-20,169.5,169.5,167,168,11297
2015-07-21,168,168,167,167,3786
2015-07-22,166.5,169.3,166.5,168,1914519
2015-07-23,168,169,168,168,1458218
2015-07-24,168,170,168,170,1054178
2015-07-27,170,170,168.5,170,121576
2015-07-28,169.9,170.4,169.7,170.4,29687
2015-07-29,170,171,170,170.2,52197
2015-07-30,170.5,173,170.5,171,1937001
2015-08-03,171,172,171,171.1,480092
2015-08-04,170,171,170,170.9,25536
2015-08-05,171,172.5,171,171.5,109216
2015-08-06,172,173,172,172,32325
2015-08-07,172,173,171,172.5,127827
2015-08-10,172.5,173,172.2,172.5,8067
2015-08-11,172.2,174,171,172.5,1958114
2015-08-12,174.6,174.6,172.5,173.2,3437975
2015-08-13,173.5,174,172,172,39967
2015-08-14,174,175,172,175,131125
2015-08-17,174,175,174,174,139041
2015-08-18,175.5,175.5,174,175,448774
2015-08-19,175,175,174,175,145488
2015-08-20,174.5,174.5,173.5,173.6,28201
2015-08-21,173.6,175.1,173.5,175.1,835576
2015-08-24,175.5,175.5,169.9,170,2208577
2015-08-25,169.2,171,168,170,1123654
2015-08-26,169,171,169,170,239242
2015-08-27,170.1,172,169,172,982886
2015-08-28,172,174,171.9,173,53515
2015-08-31,173.5,174,173,173.5,562097
2015-09-01,173.9,174,172.4,173,43387
2015-09-02,172.1,172.1,169.6,171,495564
2015-09-03,170.1,171,170.1,171,921416
2015-09-04,172,172,169.5,169.5,29815
2015-09-07,169.5,169.5,167.5,168.9,527691
2015-09-08,168,168,165.5,166,14045
2015-09-09,166,168,166,168,9389
2015-09-10,167,167,166,167,84581
2015-09-11,167.2,167.2,166,166,29515
2015-09-14,168,168.7,167,168,457312
2015-09-15,168,169,165,168,493904
2015-09-16,167,168,165,168,8968
2015-09-17,167.5,167.5,165,165.5,158044
2015-09-18,165,166,165,166,502998
2015-09-21,165.1,166,165,165,10113
2015-09-22,165,165.1,164,165.1,81500
2015-09-23,165,165,164.9,164.9,51766
2015-09-25,165,165,164.8,164.9,59771
2015-09-28,165,165,162,162.6,3816772
2015-09-29,163.4,163.4,161.6,161.9,123276
2015-09-30,162,162,158,159,239853
2015-10-01,159.5,160.9,159.5,159.8,1810039
2015-10-02,160,161,159.9,160,91259
2015-10-05,160,161,158,158,153210
2015-10-06,162,162,159.4,159.9,154178
2015-10-07,159.4,160,158,158,82187
2015-10-08,157.5,157.5,156,157,292467
2015-10-09,157,157.5,157,157,322228
2015-10-12,157,160,157,157,604580
2015-10-13,157,161.9,155.5,156.5,1091694
2015-10-14,157.5,157.5,156,156,555330
2015-10-15,155.9,159,155.8,156,3959
2015-10-16,156.8,158,156.8,157.5,20373
2015-10-19,157.5,158,157,158,97220
2015-10-20,159,161.7,158.9,160,53805
2015-10-21,161,162.5,160,160,306254
2015-10-22,161.9,162,159,159,115534
2015-10-23,159.8,160,159.8,160,62241
2015-10-26,160,160,159,159.9,78443
2015-10-28,160,160,158,159,1827472
2015-10-29,160,160,156,157,1964536
2015-10-30,157,158,156,156,5115295
2015-11-02,156.2,159,156.2,159,348
2015-11-03,160,160,157.5,158,3103
2015-11-04,158,158,155.5,156,557193
2015-11-05,156,158,155.5,156,18497
2015-11-06,160,160,155.8,156,876625
2015-11-09,156,156,155,155.9,802080
2015-11-11,154,155,154,155,52493
2015-11-12,154.5,154.8,154,154,7166
2015-11-13,151,153,151,152.9,440334
2015-11-16,153,155,150,151.1,346879
2015-11-17,152,153,152,153,126799
2015-11-18,152,152,151.5,151.5,19841
2015-11-19,151.5,152.5,151.3,152,266276
2015-11-20,152,152,151.4,151.5,41645
2015-11-23,152,152,151,151,70696
2015-11-24,151,151,145,145.9,1144238
2015-11-26,146,150,145.5,145.6,193453
2015-11-27,146,146,145,145,313462
2015-11-30,145,145,140,140,387766
2015-12-01,140.5,141.1,140.1,140.2,211426
2015-12-02,140.1,141,140,141,251862
2015-12-03,142,144,141,142,354400
2015-12-04,142,142,141.1,141.8,587264
2015-12-07,141.5,141.8,141,141,11394
2015-12-08,141.1,141.5,140.3,140.5,386079
2015-12-09,140.2,141.5,139.9,140.5,1130383
2015-12-10,140.5,142.4,140.3,141,347226
2015-12-11,141.5,142.4,141,141.5,3570816
2015-12-14,141.2,142.4,141.2,142,1246301
2015-12-15,142,142,141.3,141.8,791686
2015-12-16,144,144,141.9,141.9,137968
2015-12-17,141.9,143.9,141.8,141.8,261493
2015-12-18,142,142.8,141.7,141.8,668468
2015-12-21,142,142,141.5,142,130298
2015-12-22,142,142,141.5,141.9,144693
2015-12-23,141.7,141.9,141.5,141.5,118737
2015-12-28,142,142,140,140,175260
2015-12-29,141.5,141.5,140,140,1093239
2015-12-30,140,140,139.9,140,605378
2015-12-31,140,140.6,139.9,140.5,231801
2016-01-04,140.6,142,139,139.9,1598941
2016-01-05,140,140,138.5,139,52618
2016-01-06,139,139.9,139,139.1,1287475
2016-01-07,139.5,139.9,139.2,139.2,1188829
2016-01-08,139.2,139.5,138.8,139,45958
2016-01-11,139.5,139.5,137.5,137.9,1441939
2016-01-12,138,138,135,135,1117370
2016-01-13,135,135.1,133.5,133.9,2774851
2016-01-14,133.9,133.9,129.8,130,318183
2016-01-18,129.5,130.1,129,129,119444
2016-01-19,129,129,127,128,324976
2016-01-20,130,130,125,125,121135
2016-01-21,128,128,125.7,127,326314
2016-01-22,129,133,129,130,118677
2016-01-25,131,131.5,129,129,14246
2016-01-26,130,130,128,128,22893
2016-01-27,129,129,127,128,149876
2016-01-28,128.1,129.9,127,127,198778
2016-01-29,129.9,129.9,127,127,196908
2016-02-01,127.5,130,127.5,130,6297
2016-02-02,130,131,129.5,130,866416
2016-02-03,130,130,128.5,129.8,74746
2016-02-05,129.9,130,129,129.2,32300
2016-02-08,130,130.4,129.9,130,30952
2016-02-09,130,130,129.6,129.8,2955
2016-02-10,129.6,130,128,128,46293
2016-02-11,128,128,127,127,43402
2016-02-12,127,128,124.5,125,96874
2016-02-15,127,127,124,125,832078
2016-02-16,125,125,124.8,124.8,138194
2016-02-17,124.7,125,124,125,139609
2016-02-18,125,125,123,124,125964
2016-02-19,124,125,123.2,125,51885
2016-02-23,125,125.2,125,125,13791
2016-02-24,125,125,124.6,124.9,23387
2016-02-25,125.5,125.5,124.4,124.4,123056
2016-02-26,125,125,124.5,125,71072
2016-02-29,125,125,124.9,124.9,204513
2016-03-01,125,125,124,124,21187
2016-03-02,124,124.5,123.8,124,541117
2016-03-03,124.5,125,124,124,897886
2016-03-04,125,125,124,124,130652
2016-03-08,124,124,122,122,112942
2016-03-09,121,122,115,117.5,1021101
2016-03-10,117.1,118,115.5,118,1332524
2016-03-11,122,122,118,122,3859
2016-03-14,122,122.3,121,121.7,279672
2016-03-15,120.5,121.9,120,120,2432851
2016-03-16,120,121.8,120,120,1587194
2016-03-17,122,122,120,120,3639326
2016-03-18,120,121.5,120,120.2,1078520
2016-03-21,120,122,120,121.7,13325
2016-03-23,121.5,122,120.2,121,347118
2016-03-24,122,123,121,122.5,17901
2016-03-28,122,122.5,121.4,122,20406
2016-03-29,122,123,121,122.7,192957
2016-03-30,122.3,124,122.2,122.7,13357
2016-03-31,124,125.9,123.9,125.6,45127
2016-04-01,121,124.5,121,124,4335
2016-04-04,124,125.1,123.5,125.1,33618
2016-04-05,125.4,130,124.8,128.1,144223
2016-04-06,127.1,129.9,127,129.9,58329
2016-04-07,128.1,132,128.1,132,145016
2016-04-08,132,136,132,134.5,53986
2016-04-11,134.5,134.5,132.6,134,239110
2016-04-12,134,135,133.9,134.5,59010
2016-04-15,135,135,130,134,104943
2016-04-18,135,135,131,132,16869
2016-04-19,133,133,131.2,132,40890
2016-04-20,132,133,131.5,132.5,3402
2016-04-22,132.6,133.5,132.5,133,35417
2016-04-25,133,133,130.9,130.9,117687
2016-04-26,132,132,130.5,131,140327
2016-04-27,131,132,131,131.7,187394
2016-04-28,132,132,129.5,129.5,171756
2016-04-29,130,131,130,130.5,549737
2016-05-03,132,133,132,133,165320
2016-05-04,133,133.5,132.5,132.5,1592951
2016-05-05,132.9,133,132,132.9,123038
2016-05-06,133.5,133.5,132.5,132.5,565257
2016-05-09,133,133,132,132.5,30793
2016-05-10,132.1,133,132,132.9,33038
2016-05-11,133.5,133.5,130,130,4094470
2016-05-12,131,132,130,130.6,2652519
2016-05-13,132,132.1,131.4,132,1910770
2016-05-16,132.5,133.1,132.5,133.1,36667
2016-05-17,133.1,133.3,130.1,130.1,85961
2016-05-18,131,132,130.5,131.5,1187661
2016-05-19,131.6,132,130.6,131.5,45805
2016-05-20,131.2,132,130.7,131,22063
2016-05-24,131,131.5,130.6,131,2198694
2016-05-25,131.5,131.5,130.4,130.4,2510520
2016-05-26,131,131,130.4,130.5,1534472
2016-05-27,130.5,130.5,130,130,6148383
2016-05-30,130,130,129,129,46382
2016-05-31,129,129.5,127.5,128,150546
2016-06-01,128,128.9,127.5,128,916977
2016-06-02,128,128.5,127.9,128,663574
2016-06-03,128.9,128.9,127.9,128.4,43298
2016-06-06,128.4,129.5,128,128.3,10104
2016-06-07,129.5,129.5,128.5,129.4,16975
2016-06-08,129.1,129.5,129,129,34266
2016-06-09,129,129.5,129,129.2,257781
2016-06-10,130,130,129.2,129.2,1106
2016-06-13,129,129.9,129,129.9,15200
2016-06-14,129.9,129.9,129.5,129.9,11196
2016-06-15,129.6,129.9,129.5,129.5,32097
2016-06-16,129.4,129.4,125.6,126,291442
2016-06-17,126.5,128.9,126,127.5,130991
2016-06-20,127.2,128.2,127.1,127.1,8486
2016-06-21,127.3,128,126.5,126.5,51270
2016-06-22,127,127,124,125,1098275
2016-06-23,125.5,126,124,124,66105
2016-06-24,123,124,122.5,123,172256
2016-06-27,123.7,123.7,121,121,778868
2016-06-28,122,122,121.4,122,360361
2016-06-29,124,124,121.1,121.1,10976
2016-06-30,122,122.9,121.3,121.5,18937
2016-07-01,121.4,122,121,122,365120
2016-07-04,122,122,120.1,120.1,39434
2016-07-05,121,121.5,120.5,121.5,159429
2016-07-07,121.3,123,121.2,122,14960
2016-07-08,123,124,121.7,123.6,131748
2016-07-11,124.7,128,124.5,126.4,71445
2016-07-12,127,128.5,127,128.1,247745
2016-07-13,128.5,129.5,128.5,129.4,260265
2016-07-14,130,130,129,129.1,332751
2016-07-15,129,130,129,129.5,103219
2016-07-18,129.5,129.6,128.1,128.5,1714
2016-07-20,129,130.5,128.5,130.4,322010
2016-07-21,128.6,130,128.5,130,26987
2016-07-22,129.8,130,129.8,130,239350
2016-07-25,130,130,129,129,12130
2016-07-26,130,130,129,129,6690
2016-07-27,129.5,129.5,128.5,128.5,21763
2016-07-28,128.5,130,127.5,128.1,109627
2016-07-29,129,130.5,129,130.5,50982
2016-08-01,130.5,135,130.5,134,915452
2016-08-02,135,138.9,134.9,138,330927
2016-08-03,137,140,137,139.1,240238
2016-08-04,139,140,137,137,68571
2016-08-05,138.9,139,137,137.6,14228
2016-08-08,136.5,138,135.1,136,51264
2016-08-09,136.5,136.5,135,135.7,22952
2016-08-10,136,136.4,136,136,20797
2016-08-11,135,136,135,135.2,59576
2016-08-12,135,136,135,135,13339
2016-08-15,135.1,137.5,135,137.5,88148
2016-08-16,136.4,137.2,136.4,137,45894
2016-08-18,137,139.8,137,139,652901
2016-08-19,139.5,139.9,138.5,139.6,149118
2016-08-22,139.7,139.9,139.5,139.7,92246
2016-08-23,139.8,140,138.6,140,1520444
2016-08-24,140,142,140,140,116792
2016-08-25,140,140.1,140,140,75996
2016-08-26,140,140,138,139,27974
2016-08-29,138,140,137,139,287340
2016-08-30,139.8,139.8,138,139,6614
2016-08-31,139.3,139.5,138,139,570359
2016-09-01,139.8,139.8,138,138,22372
2016-09-02,138.5,139,138,138.8,21584
2016-09-05,138.8,139,137.5,138.4,134184
2016-09-06,138.3,139.8,138,138.5,122465
2016-09-07,139.3,139.8,138,138,107697
2016-09-08,139.8,139.8,137.1,138,36567
2016-09-09,139.2,139.2,138.5,139,32536
2016-09-13,138.4,140,138.4,139.9,39368
2016-09-14,139.9,142.1,138.9,142,2174363
2016-09-15,142.1,142.5,142,142,25408
2016-09-19,142.9,142.9,140,141.5,8832
2016-09-20,141.5,141.5,139.8,139.9,13407
2016-09-21,139.9,141,139.6,141,559099
2016-09-22,141,141,140,140,72923
2016-09-23,140,141,140,140,906166
2016-09-26,140,141,140,141,20648
2016-09-27,140,140.5,140,140,332189
2016-09-28,141,142.1,140.1,142.1,133123
2016-09-29,142,143.5,142,143,123372
2016-09-30,143,144.5,143,144,110593
2016-10-03,144.5,148,144.1,147,124184
2016-10-04,148,148,145,145,125796
2016-10-05,147,147,145,146.5,53110
2016-10-06,146.5,146.5,145,146,38457
2016-10-07,146.4,150.8,146.4,148,172247
2016-10-10,148,149,147.8,148.8,23980
2016-10-11,148.2,150.1,146.5,149.5,1445387
2016-10-12,148.5,148.5,148,148.5,3700
2016-10-13,148.5,148.5,146,148,488141
2016-10-14,147.9,148,145.6,148,216042
2016-10-17,146,147,145.5,146,10813
2016-10-18,146,146,144,146,54633
2016-10-19,147,147,146,147,135894
2016-10-20,147,147.9,147,147,152269
2016-10-21,147,147.9,147,147,108471
2016-10-24,147,147.2,145.5,147,238224
2016-10-25,147.3,147.3,146.3,146.3,33197
2016-10-26,147.3,147.3,146.7,147,98154
2016-10-27,147,147,146,146.9,957
2016-10-28,146.7,146.7,144.6,144.6,14230
2016-10-31,145,145.2,140.1,143.9,82104
2016-11-01,143,148.9,143,148,33345
2016-11-02,145,150.5,145,150,535462
2016-11-03,151,151.5,150.7,151,96700
2016-11-04,151,151.8,151,151,55722
2016-11-07,151.9,151.9,150.1,150.1,61730
2016-11-08,150,150,148,149,52349
2016-11-09,149,149,147,147,20825
2016-11-10,148.9,148.9,148,148,307936
2016-11-11,148.9,148.9,147,148,2900
2016-11-15,147.9,148,146,148,1176090
2016-11-16,146,146.2,141,141.6,66291
2016-11-17,141.5,144.5,141.5,143,79323
2016-11-18,143,144,142,142,14473
2016-11-21,141.5,142,140,142,737155
2016-11-22,141,141.5,140.1,141,72413
2016-11-23,141.4,143,141.4,142,13235
2016-11-24,142.9,142.9,141,141,13621
2016-11-25,142,142,140.1,141,8390
2016-11-28,141,141,138.5,139,21774
2016-11-29,139,140.1,139,140,481506
2016-11-30,140.5,140.5,140,140,243571
2016-12-01,140.5,145,140.5,144,1101665
2016-12-02,142,144.5,141.2,143.5,618421
2016-12-05,144,144.3,142,144.3,67288
2016-12-06,144,144,143,144,1332970
2016-12-07,143,144,143,143,58567
2016-12-08,143.2,144,143,143,34176
2016-12-09,145,146,144,145,1174621
2016-12-14,145,145,144.5,145,1292840
2016-12-15,143,145.1,143,145.1,486263
2016-12-16,144.6,145.2,144.5,144.5,1233748
2016-12-19,145,145,143.6,144.6,3786
2016-12-20,143,145,140.3,141.5,1802311
2016-12-21,144,144,143,143,8045
2016-12-22,142.5,144,141,141.5,6509
2016-12-23,141.5,142,141.5,142,2214
2016-12-27,144,144,141.5,141.6,54847
2016-12-28,144.9,146,144.5,145,5756483
2016-12-29,145,145,145,145,163125
2016-12-30,145,145,144,145,43283
2017-01-02,144,144,143,143,3768
2017-01-03,143,144.5,142.9,144.5,2529
2017-01-04,143,143,143,143,105
2017-01-05,142.5,142.5,141.6,142,102559
2017-01-06,142,142.5,141.5,142.5,82188
2017-01-09,142,142,141,142,46078
2017-01-10,140.5,141.5,140,140.1,70637
2017-01-11,140.2,142,140.2,142,24510
2017-01-13,142,142,140,142,857282
2017-01-16,142.9,142.9,140,140,28277
2017-01-17,140.1,141,139.5,139.5,24474
2017-01-18,140,140.5,140,140,39495
2017-01-19,140,140.5,140,140,3196
2017-01-20,140,144,140,144,13221
2017-01-23,141,142,141,142,351128
2017-01-24,141.2,142,141,142,310370
2017-01-25,141.5,142,141,141.9,1238
2017-01-26,141.7,142,141.7,142,3078
2017-01-27,142,142,142,142,379082
2017-01-30,143,148.5,143,145,32338
2017-01-31,145.5,145.5,144.5,144.9,356872
2017-02-01,144.9,144.9,143,143.5,14228
2017-02-02,144.9,145.9,143.9,145.9,45648
2017-02-03,146.2,146.2,145,145,202798
2017-02-06,144,145,143.9,145,57599
2017-02-07,143,143,141.8,141.8,3606
2017-02-08,141.7,142,140,140.1,5459
2017-02-09,140,141,140,140,148426
2017-02-13,141,142,140.1,142,70211
2017-02-14,142,143,142,143,87652
2017-02-15,142.1,143,142.1,143,38629
2017-02-16,143,143.5,142.9,143,1545
2017-02-17,142.5,142.5,142,142,7368
2017-02-20,142.5,143,142,142,1737
2017-02-21,142,142.9,142,142.9,170953
2017-02-22,142.6,143.1,142.6,143,1228058
2017-02-23,144,144.4,143.1,143.2,4348
2017-02-27,144,144.4,144,144,114590
2017-02-28,144,144,143,143.5,261642
2017-03-01,143,144,143,143,226902
2017-03-02,142.8,144,142,142,9061
2017-03-03,142.4,142.5,142,142,43494
2017-03-06,142,142,141.9,142,1831
2017-03-07,138,142,135,141,873203
2017-03-08,142,142,140,140,1074343
2017-03-09,140.5,140.5,138,138.3,16905
2017-03-10,138.5,138.5,138,138,14846
2017-03-13,138.5,138.5,136.5,136.5,20002
2017-03-14,136.5,136.9,134.3,135,43272
2017-03-15,137,137,134,134,62962
2017-03-16,134.1,134.1,134.1,134.1,1957
2017-03-17,134.1,134.9,133,134,272309
2017-03-20,134.9,135,134,134,8546
2017-03-21,139,139,134.1,134.7,3871
2017-03-22,135,135,133.5,133.5,7419
2017-03-23,133.9,134,133,133.6,434990
2017-03-24,133.2,133.5,132,132,442553
2017-03-27,132,132,130,130,29154
2017-03-28,130,130,129,129,62607
2017-03-29,129.5,129.5,128.5,128.9,557720
2017-03-30,129.5,130,128.5,130,347459
2017-03-31,130,132,129,132,1548217
2017-04-03,132,132,130.5,131.5,215769
2017-04-04,132,134.9,131.5,134,802104
2017-04-05,134.9,134.9,132.1,133.5,212346
2017-04-06,134.5,135,133.7,134.5,576652
2017-04-07,135,135.5,134,134,131538
2017-04-11,133.5,135.9,133.5,135.5,725167
2017-04-12,135.9,140,135.9,139,1314596
2017-04-17,139.2,139.2,135,136.5,46798
2017-04-18,137,137,135,136.5,39765
2017-04-19,137,141,137,140,29719330
2017-04-20,140,143,140,142,72540
2017-04-21,142.9,145,142.9,144.8,489531
2017-04-24,144.9,144.9,142,143,6098
2017-04-25,143,145,142,142.2,730936
2017-04-26,142,143,142,142.1,818850
2017-04-27,142,145,142,144.9,1570192
2017-04-28,144.9,145.1,144.5,144.7,968260
2017-05-02,145.5,145.5,144,144,67295
2017-05-03,143.5,145.3,142.1,145,491477
2017-05-04,145,145.5,145,145.2,48848
2017-05-05,145.2,146,145,146,68810
2017-05-08,146,147,145.5,147,90878
2017-05-09,147,147.5,146.6,147.5,64856
2017-05-12,147.5,149,147.5,149,159353
2017-05-15,149,149,148,149,226084
2017-05-16,149,149,148,148,35004
2017-05-17,148,148,147,148,146827
2017-05-18,147,148.5,147,147.5,122114
2017-05-19,147,147.8,145,145.8,61936
2017-05-22,143,143,138,139,16650
2017-05-23,139,139,136,136.5,23956
2017-05-24,139,139,137,139,10043226
2017-05-25,138.5,138.5,137.8,137.8,44505
2017-05-26,137.8,137.9,136,136,40454
2017-05-29,136,137,134,135,31701
2017-05-30,135,135.5,133,135.5,10871689
2017-05-31,135.1,135.6,134,135,831115
2017-06-01,135,135.5,134.5,135.1,13622
2017-06-02,135,135.5,134.9,134.9,152215
2017-06-05,135,135,133.6,134.9,101062
2017-06-06,134.1,135,134.1,134.5,65310
2017-06-07,134.5,135,133,133.5,44249
2017-06-09,134,138,133.7,135.6,215303
2017-06-12,134,136.5,134,135.5,171298
2017-06-13,136,136,134.7,134.7,6576
2017-06-14,134.9,138,134.9,136,169705
2017-06-15,137,141,137,140,756648
2017-06-16,140.4,140.4,139.1,140,176714
2017-06-19,140,140.4,138,138,192043
2017-06-20,139.8,140,139,140,192790
2017-06-21,139.9,140,139,140,325345
2017-06-22,138.1,140,138.1,138.7,160384
2017-06-23,138.7,139.3,138.5,139.1,54815
2017-06-27,139,139.9,139,139.4,244459
2017-06-28,139.5,139.8,139.3,139.5,107242
2017-06-29,139.6,140.5,139.1,139.5,854039
2017-06-30,139,139.5,138,139.5,520659
2017-07-03,139.5,139.5,138.5,139,99215
2017-07-04,139,140,138.9,140,302788
2017-07-05,139.9,139.9,139,139.1,350211
2017-07-06,139.1,139.8,139,139.6,106377
2017-07-07,139.1,140,139.1,139.9,111048
2017-07-10,139.9,140.1,139,139.9,132823
2017-07-11,139,140,139,139.9,64786
2017-07-12,139,139.3,138,139,505682
2017-07-13,138,139,138,138,24690
2017-07-14,138,138.5,138,138.3,47043
2017-07-17,138,138.9,138,138.5,196700
2017-07-18,138.5,138.5,137.5,138,69934
2017-07-19,138,138,137.5,137.5,18130
2017-07-20,137.5,138.4,137.3,137.3,280098
2017-07-21,138,138.5,137.5,137.5,22517
2017-07-24,137.5,138.9,137.2,137.6,6310
2017-07-25,137.7,139.1,137.2,138,342022
2017-07-26,138.4,138.9,138,138,223345
2017-07-27,138,139,138,138,85997
2017-07-28,138.9,139,138,139,293473
2017-07-31,137.6,138.5,137.5,137.7,270252
2017-08-01,137.5,138,137.3,137.5,471584
2017-08-02,139,139,137,137.5,25428
2017-08-03,138,138,137,137.9,231508
2017-08-04,137,137.9,137,137.5,63550
2017-08-08,137.5,137.5,136.9,137.3,63202
2017-08-09,137.3,138,137.3,137.3,162537
2017-08-10,137.5,137.5,137,137.5,25424
2017-08-11,137.5,138,137.5,137.5,31451
2017-08-14,138,138.5,138,138,84772
2017-08-15,138,138,137.5,137.6,196879
2017-08-16,138,138,137,137.2,112475
2017-08-17,137,137.3,137,137,330707
2017-08-18,137,137.1,136.9,137,44918
2017-08-21,136.6,137.3,136.5,137.3,81907
2017-08-22,137,137.3,137,137,396575
2017-08-23,137,137.5,137,137.5,82152
2017-08-24,137,137.4,137,137.2,531124
2017-08-25,137.2,137.9,137.1,137.5,61668
2017-08-28,138,138,137.5,137.8,88543
2017-08-29,137.8,138,137.2,138,116078
2017-08-30,138,138,136.5,136.6,742319
2017-08-31,136.6,137,136.2,137,1959963
2017-09-04,137,137.3,136.3,136.9,2803
2017-09-06,136.9,136.9,136.4,136.5,71487
2017-09-07,136.5,137,136.5,137,27498
2017-09-08,137,137,136.5,136.5,1233722
2017-09-11,137,137,136.4,136.5,72196
2017-09-12,136.5,136.5,136,136,737956
2017-09-13,135.7,136,134.6,135.1,841920
2017-09-14,135.1,136,135,135,7705
2017-09-15,135.5,138,135,138,132674
2017-09-18,136.5,137,136.1,137,177334
2017-09-19,136.5,137,136.1,137,102070
2017-09-20,137,141,137,141,3263672
2017-09-21,140,140.8,137,140,450891
2017-09-22,140,140,138,138,52104
2017-09-25,139.8,139.8,137.1,138,96074
2017-09-26,139,139,137.2,139,9525
2017-09-27,138.9,138.9,137.6,137.6,1579
2017-09-28,138.5,138.9,137.5,138.5,309256
2017-09-29,138,139,138,139,748939
2017-10-02,138.5,138.5,138,138.5,13982
2017-10-03,139,140.5,138.5,140.5,309464
2017-10-04,140.5,146.2,140.5,146,13278744
2017-10-06,146.4,147.9,146,146.5,313022
2017-10-09,146,146,145,145.2,14844
2017-10-10,145,149,145,148.1,240392
2017-10-11,148.1,149,148,149,42479
2017-10-12,149.3,149.8,149,149,1761263
2017-10-13,149,149.5,146,146,7276
2017-10-16,146.1,146.1,142,144,222893
2017-10-17,144,144,143,143.9,2129410
2017-10-19,143,143.9,142.5,143,45485
2017-10-20,143.9,144,142,142.1,30984
2017-10-23,143,143,141,141,18308
2017-10-24,140.6,141.5,140.5,141,168363
2017-10-25,140.9,143,140.9,143,73914
2017-10-26,142,145,142,145,36197
2017-10-27,144,145,143.2,143.2,77448
2017-10-30,143.6,148,143.2,148,9659238
2017-10-31,147,150,147,150,837714
2017-11-01,148.8,149.6,148,148,4856
2017-11-02,148,148,147.5,147.5,14859
2017-11-06,147.5,148,147.5,147.5,8391
2017-11-07,147,147,145,146,186297
2017-11-08,145,146,144,145,13708
2017-11-09,144.4,144.4,143,143.9,1721
2017-11-10,143.9,144,142,142,31198
2017-11-13,140.5,143.9,140,140.1,59893
2017-11-14,142,142,138,138,11295
2017-11-15,138.3,140,137,138,162472
2017-11-16,139,139,137.2,137.3,1479182
2017-11-17,137.8,141,137.8,141,79863
2017-11-20,141,141,139.9,140,131502
2017-11-21,139.6,140,138.5,139,331449
2017-11-22,138.9,139,136,136,90447
2017-11-23,137,137.8,133,137.5,9216787
2017-11-24,137.7,137.8,136,137.2,106973
2017-11-27,137.2,137.2,136.5,137,7419
2017-11-28,137,137,136.1,136.1,3904
2017-11-29,136.6,136.6,133,134.2,3066004
2017-11-30,135,136.5,134.5,135,67576
2017-12-04,136,136,134.5,134.8,153315
2017-12-05,134.3,136.5,134.3,134.9,518557
2017-12-06,135,136,134.5,135,512402
2017-12-07,135.1,136,135,135.9,153115
2017-12-08,135,135.8,134.6,135.8,20144
2017-12-11,135.1,135.9,135,135,153555
2017-12-12,135.5,139,134,139,2198010
2017-12-13,134.6,137,134.6,135.1,3710
2017-12-14,136,137,136,137,4170
2017-12-15,137,138,136.1,138,14573
2017-12-18,138,138,137,137.6,24467
2017-12-19,137.5,137.6,135.1,136,39684
2017-12-20,136.9,136.9,135.5,136,90343
2017-12-21,136,136.5,135.5,136,60243
2017-12-22,136,136,135.1,135.1,2642
2017-12-26,135.2,136,135.1,135.1,1612
2017-12-27,135.8,135.8,135.7,135.7,2455
2017-12-28,136,136,135,135,329361
2017-12-29,136,136,135.3,136,15428
2018-01-02,136.4,138,136.4,137.9,1008
2018-01-03,136.8,138,136.8,137.9,32507
2018-01-04,138,140.8,137.9,138.2,128660
2018-01-05,139,140.9,139,140.5,904903
2018-01-08,141,141.7,140.5,141,5486330
2018-01-09,141,142,141,142,32190
2018-01-10,142.5,142.5,140.8,142.5,19810
2018-01-11,142.4,142.5,141,142.2,22939
2018-01-12,142.2,142.2,141,141.1,34786
2018-01-16,141.9,142,140,140,320898
2018-01-17,139,140,138.1,139.2,12139
2018-01-18,140,140,136,136.1,2516259
2018-01-19,138,138,136,136.1,4849965
2018-01-22,137.5,138,136,136.1,310444
2018-01-23,136.2,138,136.2,138,5071
2018-01-24,137.2,138,137,138,36249
2018-01-25,138,139.5,138,139,2654609
2018-01-26,139,139,137.1,139,8173
2018-01-29,139.1,140,139,139,36163
2018-01-30,139.8,140,139.2,139.2,214294
2018-02-01,140,140,139,139.5,121507
2018-02-02,139.5,140,139.2,140,62154
2018-02-06,140,140.4,139,140,178968
2018-02-07,140,141,139.2,140.7,336484
2018-02-08,139.9,140,138,139.8,163789
2018-02-09,139.9,140,138,138,8834
2018-02-12,139,139,136.5,136.5,1328
2018-02-14,136.5,137,134,135,347931
2018-02-15,135.1,137.5,135,135.7,94875
2018-02-16,135.7,138,135.7,136,4800
2018-02-20,138,138,136.5,137,34248
2018-02-21,137,139.6,137,139,1979173
2018-02-22,138.8,140,138.8,140,5766127
2018-02-23,137,140,134,139,434759
2018-02-26,139.8,140,139,139,17685
2018-02-27,140,140,138,139,27429
2018-02-28,139.5,139.5,137.5,139,1702206
2018-03-02,137.1,138.9,137.1,138,13536
2018-03-05,138.9,138.9,137.2,138,91875
2018-03-06,138,138.2,137.3,138,144967
2018-03-07,138,138,135,135.1,110006
2018-03-08,136,136.5,135.1,136.1,20073
2018-03-09,136.1,136.5,136,136.1,4681
2018-03-12,136.1,136.1,135.1,135.8,11661
2018-03-13,136.5,136.5,135,135.1,1204567
2018-03-14,135.2,135.9,135,135,1392223
2018-03-15,135,136,134.6,135.3,218346
2018-03-16,136,136.1,134.5,136,163023
2018-03-19,135.5,136.5,135,136.2,835046
2018-03-20,136,136.7,134.5,136,47607
2018-03-21,136,136,134.5,135,992477
2018-03-22,134.9,134.9,134.1,134.1,4353
2018-03-23,135,135,133.8,133.8,72174
2018-03-26,135,135,134,134.9,641857
2018-03-27,134,135,134,135,191940
2018-03-29,134.6,138,133,136.9,43929
2018-04-02,134,134.2,133,133.5,24797
2018-04-03,133.2,135,133,135,18998
2018-04-04,135,135,134,135,1726
2018-04-05,135,135.8,134,135.1,25315
2018-04-06,135.8,135.8,135.2,135.2,6253
2018-04-09,135.3,136,135,136,7271
2018-04-10,135,137,134.5,137,128750
2018-04-11,136.5,137,136.5,136.5,5760
2018-04-12,137,138,137,137,43528
2018-04-16,137.9,138,137,138,4330
2018-04-17,138,138,136.3,136.4,2902
2018-04-18,138,138.5,136.6,138,93494
2018-04-19,138,138.4,137.6,138,56176
2018-04-20,138.4,138.5,138,138,11354
2018-04-24,138.5,138.5,136.5,138,249835
2018-04-25,136.6,138,136,136,256333
2018-04-26,136.2,137,135,135,196141
2018-04-27,135,136.5,135,135.5,45094
2018-05-01,135.5,137,134,134.1,136403
2018-05-02,136.5,136.5,134.1,135,110405
2018-05-03,135,135,134.1,135,43165
2018-05-04,134.2,135,134.2,135,62674
2018-05-08,134.8,136,134.5,136,9072
2018-05-09,136,136.5,134.6,135,113507
2018-05-10,136,136,134,134,83292
2018-05-11,134.2,134.2,133,134,237245
2018-05-14,134,135,133,133,15061
2018-05-15,133.8,134,133.5,134,1414
2018-05-16,134,134,133.6,134,238853
2018-05-17,134,134,133,133,7199
2018-05-18,134,134,133,133,18153
2018-05-21,133.9,133.9,132,132.1,330672
2018-05-22,132.1,132.5,131.9,132.5,204251
2018-05-23,132,133,131.7,132,11727
2018-05-24,132.1,132.7,132,132,381424
2018-05-25,132,132.5,131.8,132.5,119856
2018-05-28,133,133,131,132,580656
2018-05-30,132.4,132.5,131.5,132.5,385666
2018-05-31,132,132,131,131,744142
2018-06-01,131.1,131.9,130.5,131.9,120723
2018-06-04,131.5,131.9,130,130.5,111500
2018-06-05,131.2,131.2,130,130.9,172314
2018-06-06,130.9,130.9,130,130,36291
2018-06-07,130.9,130.9,129.3,129.3,114884
2018-06-08,129.3,130,128,128,138727
2018-06-11,128.1,128.3,127.9,128,792079
2018-06-12,128,129,128,128.3,1108736
2018-06-13,128.2,129,128,128,2126462
2018-06-14,128,129,127.9,127.9,21507
2018-06-18,127.9,127.9,126,126,557591
2018-06-19,126,126.5,125,125,80952
2018-06-20,126,126,123.6,124,145461
2018-06-22,124.8,125,123,123,215811
2018-06-25,124,124,123,123.9,107064
2018-06-26,124,124,123,123.8,862722
2018-06-28,123.8,124,123,123,2210924
2018-06-29,123.9,123.9,122.9,123,2453294
2018-07-02,123.5,123.5,122.5,122.7,3608866
2018-07-03,123,123,122.8,122.9,6447
2018-07-04,123,123,122.5,122.9,93221
2018-07-05,122.6,124,122.5,124,17577
2018-07-06,123.1,124.9,123,124,7020
2018-07-09,123.9,124.5,123.9,124.5,1842
2018-07-10,124.9,125.5,124.5,125,14287
2018-07-11,126,128,126,126.1,26781
2018-07-12,127,129,127,128,767830
2018-07-13,128,128.9,126.1,128,289350
2018-07-16,127.2,127.9,125,125.5,132598
2018-07-17,126.2,128,126,126,422088
2018-07-18,126,126,125.8,126,376953
2018-07-19,126,129,126,129,105271
2018-07-20,129,129.8,128.5,129.5,188984
2018-07-23,129.5,130,129,130,535417
2018-07-24,130,130,128.9,130,48377
2018-07-25,130.7,130.7,128.8,129,1702
2018-07-26,128.8,128.8,127,127,18896
2018-07-30,129.9,129.9,128,128,15081
2018-07-31,128,128,125,126,351464
2018-08-01,126.5,126.5,123,123,199963
2018-08-02,124,124,122.6,123,610217
2018-08-03,123,124.9,122.6,124.9,724
2018-08-06,124.9,124.9,123,123,5405
2018-08-07,124,124.4,123.5,123.5,294494
2018-08-08,123.5,124,123.5,123.7,111514
2018-08-09,124.4,124.4,123.9,124,493779
2018-08-10,124.9,125,124,124,11636
2018-08-13,123.6,127.3,123.6,124,2708
2018-08-14,125.2,126,124,124,490273
2018-08-15,124,125,123.5,123.5,95105
2018-08-16,124.4,124.4,123,123,11572
2018-08-17,124,124,123,123.1,10851
2018-08-20,124,124,122,122.5,175240
2018-08-21,122.1,122.1,121.8,121.8,26663
2018-08-23,122,122,120.9,120.9,519596
2018-08-24,121,121.1,120.6,121,34297
2018-08-27,122,122,121,122,153432
2018-08-28,121.1,122,121,121,84885
2018-08-29,121,123.5,120.8,123,410919
2018-08-30,123.5,124.9,123.5,124.9,39189
2018-08-31,124.9,125,124,125,1075914
2018-09-03,125,125,123.2,124.5,56092
2018-09-04,124.9,124.9,123.5,123.5,3074
2018-09-05,124,124,123.5,124,305939
2018-09-06,124.5,124.5,123.5,123.7,2564
2018-09-07,123.7,124,123.5,124,5173
2018-09-10,124,124,123,123,4846
2018-09-11,123,123.5,122.8,123,219188
2018-09-12,122.8,123,121.5,122,33263
2018-09-13,121.6,122,120.3,122,5991
2018-09-14,120.5,120.6,119.5,119.9,630139
2018-09-17,120,120,119.5,119.5,8878
2018-09-18,119.5,119.5,116.5,117,178532
2018-09-19,116.5,119,116,116.5,614768
2018-09-20,117,117,115.2,115.5,17433
2018-09-21,115.5,115.5,114,114.5,1684990
2018-09-25,114.6,115.5,113.7,113.7,119942
2018-09-26,114,114.5,113.6,114,552271
2018-09-27,115,115,112.9,113,67432
2018-09-28,113.9,114,112.9,113,30971
2018-10-01,113.9,113.9,112,112,3642
2018-10-02,112.1,113,111,112,1405526
2018-10-03,112,112,111,111.5,81946
2018-10-04,112,113,112,113,160246
2018-10-05,112,114,112,113,10699
2018-10-08,113,114.3,113,114,52219
2018-10-09,114,114,112.9,112.9,204695
2018-10-10,113.9,113.9,112.1,112.9,7291
2018-10-11,112.9,112.9,111.1,112.5,26117
2018-10-12,112.7,112.7,111,111.5,25387
2018-10-15,112,112,110,111,39530
2018-10-16,112.7,112.7,109.5,111.9,46748
2018-10-17,111.9,111.9,109.9,111,914342
2018-10-18,111,111,110,110.1,2553
2018-10-19,110.5,110.5,108.5,108.5,43960
2018-10-22,109,109,108.6,108.9,3027
2018-10-23,109,109,108.2,108.9,12331
2018-10-25,109,109,107.5,107.5,144137
2018-10-26,108,111,107.6,110.9,4734749
2018-10-29,111.5,115,111.5,114,148364
2018-10-31,114,120,114,120,1697456
2018-11-01,118,122,116.5,122,292022
2018-11-02,123,125,123,125,2047930
2018-11-05,125,125.4,124,125,44561
2018-11-07,124.5,124.5,116.5,118,108113
2018-11-08,119,119,115.1,116.5,109099
2018-11-09,115.4,116.5,114.9,115,98229
2018-11-12,116.9,117,114.5,115.9,98036
2018-11-13,115.1,116,114.5,115,318588
2018-11-14,112,118.7,112,114,39630
2018-11-15,115.1,115.1,114,115,88233
2018-11-16,114.1,114.5,114,114,105959
2018-11-19,114,114,112.9,113,1090150
2018-11-21,113,113,112.7,112.8,610618
2018-11-23,112.7,113,112.5,112.7,97758
2018-11-26,115,115.5,113,113,218021
2018-11-27,115,116,113,115.5,760652
2018-11-28,115.1,116,115,115.8,11515
2018-11-29,116,116.6,115.3,116.6,5750
2018-11-30,117,118.1,116,118,1768588
2018-12-03,118,120,118,118.6,91450
2018-12-04,119.5,119.5,117,117.5,11940
2018-12-05,118,119.5,118,119.5,12697
2018-12-06,119.4,119.4,118.1,118.2,7383
2018-12-07,119,119,118,118.8,81437
2018-12-10,118.5,118.5,117,117.8,128920
2018-12-11,117.2,117.5,116,116.1,1450016
2018-12-12,118.5,118.5,116,116.1,52602
2018-12-13,118,118,115.9,116,4298610
2018-12-17,117.2,117.2,115.5,116,36296
2018-12-18,116,116,115.6,115.9,40950
2018-12-19,115.5,115.6,115,115,908817
2018-12-20,115.5,116,115.2,116,2115
2018-12-21,116,116,115.2,115.5,26481
2018-12-24,115.1,115.1,114.9,115,6290
2018-12-26,115,115.9,115,115,11912
2018-12-27,115,115.5,115,115.5,92026
2018-12-28,115,115.4,114.8,115,372789
2018-12-31,115,115,114.5,114.7,917997
2019-01-02,115.9,115.9,115,115.5,4889
2019-01-03,115,115.5,114.9,115.5,65499
2019-01-04,115,115,114,115,43066
2019-01-07,114.5,115,114.5,115,6363
2019-01-08,115,115,113.9,114,160256
2019-01-09,114,114.9,113,113.2,747424
2019-01-10,114,114,114,114,27143
2019-01-11,114,115,113.9,115,3141207
2019-01-14,115,115,114,114,1384270
2019-01-16,114.2,115,114.2,115,153326
2019-01-17,115.1,115.1,114.6,114.6,12304
2019-01-18,114.8,115,114.5,114.5,206254
2019-01-21,114.3,115,113.9,114,573348
2019-01-22,114,114,113.7,113.8,1668
2019-01-23,113.9,113.9,113,113,228603
2019-01-24,113,113.8,113,113,10979
2019-01-25,113.9,113.9,113.1,113.5,41212
2019-01-28,114,115,113.5,115,36309
2019-01-29,115,115,114,115,35831
2019-01-30,115,115,114,114,125947
2019-01-31,114.9,114.9,114,114,208734
2019-02-01,114,114.8,113.9,114,1819120
2019-02-05,114,114.5,113.9,114,56620
2019-02-06,113,113,112,112.4,79254
2019-02-07,112.4,112.4,111.6,111.6,65264
2019-02-08,111.5,111.5,111.3,111.5,118202
2019-02-11,111.5,111.9,111.3,111.3,215670
2019-02-12,111.3,111.5,111,111.2,12579
2019-02-13,111.2,111.2,110.9,111,2787
2019-02-14,111.5,111.5,110.9,111,2820
2019-02-15,111,111,109.6,110,25242
2019-02-18,110,110,109.3,109.5,5798
2019-02-20,109.5,109.5,108,108,26841
2019-02-21,108.1,108.1,106,106.5,286298
2019-02-22,107,108,106.5,108,11066
2019-02-25,107.8,107.8,105,107,2534561
2019-02-26,107.2,108,106.5,108,12150
2019-02-27,107.9,108,106.5,106.5,10248
2019-02-28,107,107,105,105.5,348544
2019-03-01,106,106,102.7,103,57889
2019-03-05,103.5,103.5,102.8,103,61658
2019-03-06,103.5,103.6,102.8,103,44079
2019-03-07,103,105,103,103.2,1382
2019-03-08,103.7,103.7,101.5,102,560796
2019-03-11,102.2,102.2,99.5,100.9,1664335
2019-03-12,99.5,100.1,99.5,100,14773
2019-03-13,100,100,97,97,248111
2019-03-14,97,100,97,98.3,87029
2019-03-15,98.5,100,98.5,99,11293310
2019-03-18,99,100,99,99.9,744411
2019-03-19,100.5,100.5,98.3,99,135259
2019-03-21,99,99,98.5,99,36937
2019-03-22,100,100,98,98.6,13838
2019-03-25,100,100,98,99,214983
2019-03-26,98,99,98,99,3508
2019-03-27,99,99,98.5,98.7,171714
2019-03-28,98.7,99.8,98.2,99.8,184031
2019-03-29,99,100,98.5,99,28110
2019-04-01,103,103,99,99,880
2019-04-02,101.9,103,99.5,101.1,2633
2019-04-03,103,103,100,100,414313
2019-04-04,102,102,99.1,99.8,204561
2019-04-05,100,100,99.7,100,2377
2019-04-08,99.9,99.9,99.5,99.8,2850
2019-04-09,99.8,99.8,98.5,98.5,37195
2019-04-10,99,99,98.4,98.4,147116
2019-04-11,99,99,98,98,20950
2019-04-16,98,98,96.1,97,35382
2019-04-17,97,97,96.6,97,6344
2019-04-23,95,95,90,93,46461
2019-04-24,93,93.9,92.6,93,19508
2019-04-25,94,94,92.8,92.8,3295091
2019-04-26,92.7,92.9,91.9,91.9,33730
2019-04-29,92,92,90.6,90.6,246548
2019-04-30,92,92.8,90.7,91.7,240926
2019-05-02,91.7,93,91.5,91.5,16703
2019-05-06,92.9,92.9,91,91,136562
2019-05-07,91,92.4,91,91.3,24034
2019-05-08,91,91,90.5,91,16371
2019-05-09,92,92,89.9,91,458014
2019-05-10,92,92,89.9,90,181257
2019-05-13,90,92.4,90,90.9,8214
2019-05-14,90,90.1,89.3,90,1435576
2019-05-15,89.9,90,88.9,89.5,28652
2019-05-16,89.4,89.4,88.7,88.7,16344
2019-05-21,90,90,89.1,90,122719
2019-05-22,90,91,90,90.5,58606
2019-05-23,90.5,90.5,90,90.4,26775
2019-05-27,91,91,90.5,90.6,69599
2019-05-28,90.6,92,90.6,92,2683
2019-05-29,94,98,92,96.4,7635
2019-05-30,92.5,92.5,92.3,92.4,257731
2019-06-03,91.8,91.8,90.5,90.5,11097
2019-06-04,90.5,91,90,90,206194
2019-06-06,89.5,91,89.5,90,128705
2019-06-10,91.2,93,91,93,4029
2019-06-11,92.5,93.9,92.1,93.9,6469
2019-06-12,94.2,94.8,93.9,94.4,7724
2019-06-13,94.9,94.9,93,93,20809
2019-06-17,94.8,94.8,93,93.5,21061
2019-06-18,94.8,94.8,93.5,94.5,1602116
2019-06-19,94.5,94.5,93.5,93.5,59656
2019-06-20,93.7,94,93.4,93.5,39560
2019-06-24,92.8,92.8,91.2,92,25053
2019-06-25,92,92,91.4,91.4,5217
2019-06-26,92.5,92.5,91.4,92,10129
2019-06-27,92.3,93,92,92,22743
2019-06-28,93,93,91.8,92,776587
2019-07-01,93,94,92.5,94,98817
2019-07-02,93,96.5,93,94,19060
2019-07-03,94,94.8,93.2,94,287143
2019-07-04,94.8,96.5,94.5,96.5,10588
2019-07-08,97,97.2,95.2,95.2,76041
2019-07-09,95.5,95.5,94.3,94.5,287472
2019-07-10,95,95,93,94,208726
2019-07-11,94.8,94.8,92.9,93,52153
2019-07-12,94.8,95.9,93,94,3145
2019-07-15,94.1,95.2,94,94,2065433
2019-07-17,95.2,97.8,94.2,97,919262
2019-07-18,97.5,99,97,99,51051
2019-07-22,102,102,100,100.5,269290
2019-07-23,100.5,101.9,100,101.9,49704
2019-07-24,102,104.2,101.5,104.1,72519
2019-07-25,104.5,111,104.2,109,728237
2019-07-26,109.5,109.5,108.8,109.4,2080039
2019-07-29,109.5,114,109.5,113,2921144
2019-07-30,113.2,115,109.5,110.5,337248
2019-07-31,110,112,109,109,331226
2019-08-01,111,111,105.5,106,49273
2019-08-02,107,107,101.1,105,438089
2019-08-05,106,108,105,105.2,6963
2019-08-06,105,105,103.4,104,8342
2019-08-07,104,107,103.6,106.9,14090
2019-08-08,107,107,105,105.1,52278
2019-08-09,105,112.5,105,107.1,268364
2019-08-13,112,112,107.1,108,335003
2019-08-15,108,108.5,105.6,105.6,602309
2019-08-16,107,108,105.7,107,13082
2019-08-19,106.6,106.6,105,106,33770
2019-08-20,105.3,107.9,105.3,106.8,404487
2019-08-21,107.4,108.8,106.8,107,130108
2019-08-22,106.6,107,105.1,105.1,43396
2019-08-23,106,107,105.2,106,34816
2019-08-26,107,107.9,105.2,106,41404
2019-08-27,105.5,107.5,105.5,106.5,167711
2019-08-28,107,107.1,106.5,107,9777
2019-08-29,108.5,108.5,107,108,518199
2019-08-30,108.2,108.9,107.6,107.7,535026
2019-09-02,108,108,107.5,107.5,8375
2019-09-03,107.6,108,106.5,107,83905
2019-09-04,107,107,106.5,106.5,4384
2019-09-05,106.5,106.9,105.9,106,222831
2019-09-06,105.2,105.2,103,104,196725
2019-09-09,103.7,103.9,102.2,102.9,49342
2019-09-10,102.9,102.9,102,102.8,64023
2019-09-11,102.9,103,102.5,102.5,42260
2019-09-12,105,105,103,103.5,6149
2019-09-16,104.1,104.1,103,103,20380
2019-09-17,103,103,101.9,102,36009
2019-09-18,102,102.5,101.8,102,9003
2019-09-19,102,102,99.8,99.9,447042
2019-09-20,99.8,101.9,99.7,99.9,177055
2019-09-23,100,100,99.3,99.3,4459
2019-09-24,99.1,99.5,98,98.5,11426
2019-09-25,98.2,100,98,98,10079
2019-09-26,98,99,97.9,99,46442
2019-09-27,100,104,98.5,100,61504
2019-09-30,100,100,98,99,3704
2019-10-01,98.5,98.5,97.9,98,71372
2019-10-02,100,100,97.9,98,5016
2019-10-03,98,99.9,97.5,99.7,22070
2019-10-04,98.5,99.8,98.5,99,4268
2019-10-07,100.1,100.1,98.5,99,156256
2019-10-08,100,100,99,99.9,13205
2019-10-09,100,101,98.9,99,1963290
2019-10-11,100,100,98.8,99,351099
2019-10-14,100,100,98.9,99,786830
2019-10-15,100,100,97.8,98,421519
2019-10-16,99,99,97.8,98,368798
2019-10-17,98.4,99,95,98.5,3126636
2019-10-18,98.5,99,98.5,99,122006
2019-10-21,99.5,99.5,98.8,99,142111
2019-10-22,100,100,98.8,99,305641
2019-10-23,99.9,99.9,98.8,98.8,42749
2019-10-24,99,99,98,98.1,144757
2019-10-25,99,99,98.3,98.5,58026
2019-10-28,99,99,97.8,98,175068
2019-10-29,98,98,97.8,97.9,42668
2019-10-30,97,97,96,97,65799
2019-10-31,97,97,96.7,97,416571
2019-11-01,97,99,96.9,98,2471566
2019-11-04,99,99,98.7,98.7,259604
2019-11-05,99,99,97.8,97.9,101231
2019-11-06,98,99,97.5,97.9,50850
2019-11-07,98,98,97,97,18576
2019-11-08,97.8,99,97.6,99,25995
2019-11-13,99,99.9,98.5,98.7,1308316
2019-11-14,99,99.8,98.5,99,153614
2019-11-15,99,99.1,98.6,99,968243
2019-11-18,100.1,102.8,100.1,102,3731609
2019-11-19,102.8,104,102.8,103.5,1296378
2019-11-20,103.5,103.5,101,102.5,668076
2019-11-21,102.2,103,101.2,101.5,568595
2019-11-22,103,103,101.2,101.4,116662
2019-11-25,102,102,100.6,101,36268
2019-11-26,100.8,101.2,100.1,100.4,104526
2019-11-27,100.1,100.5,99.5,100,30217
2019-11-28,102,102.5,100.5,101,2907050
2019-11-29,101.9,102,99.7,99.7,678591
2019-12-02,100.1,100.1,98,99,221512
2019-12-03,99,99.5,98.9,99,393008
2019-12-04,99.5,99.5,98,98,954135
2019-12-05,98.5,98.5,97.8,97.9,198524
2019-12-06,97.9,98,97.8,98,180009
2019-12-09,98,98,96.5,97,260076
2019-12-10,97,97.5,96.7,97.2,35333
2019-12-12,97.9,97.9,96.1,96.1,1356518
2019-12-13,96.5,97.9,96.5,96.5,344628
2019-12-16,97.8,97.8,96.3,96.5,204825
2019-12-17,96.5,97.5,96.4,97,214923
2019-12-18,97.5,97.5,96.7,97,36627
2019-12-19,97,98,96.9,96.9,21815
2019-12-20,97.5,97.5,96.5,96.5,33455
2019-12-23,96.9,96.9,95.9,96,61267
2019-12-24,96.1,96.5,95.9,96.5,208640
2019-12-26,96.5,98.6,96.5,96.8,7749
2019-12-27,97,98.5,96.9,97,51900
2019-12-30,97.5,97.5,95.8,95.8,279117
2019-12-31,97,97,94.7,95,134786
2020-01-03,95.1,95.1,94.8,95,114407
2020-01-06,95,95,94,94,52715
2020-01-07,94.5,94.5,93.7,94,9306
2020-01-08,94,94,92,92.1,66474
2020-01-09,92,94,92,92.8,113317
2020-01-13,92.6,93.9,90.5,90.5,191938
2020-01-14,92.9,92.9,90.9,91.7,24615
2020-01-16,92,92,91.5,91.8,19000
2020-01-17,92,92,89,89.9,285316
2020-01-20,91,91,89.5,90,3747534
2020-01-21,90.2,93,90,92,469653
2020-01-22,92.9,93.5,92,92,3832238
2020-01-23,93,93.8,92.9,93.6,127885
2020-01-24,93.8,94.4,92,93.4,1583247
2020-01-27,94,94,92.7,92.7,77176
2020-01-28,92.5,93,92.3,93,154512
2020-01-29,92.5,93,92,92,6265150
2020-01-30,92.5,92.7,91.9,92,2579417
2020-01-31,91.9,93,91.8,92,757416
2020-02-03,93,95,92.1,93,2013663
2020-02-05,93,93,92.9,93,61733
2020-02-06,94.8,94.8,92,92.2,1094508
2020-02-07,93,93,92,92.2,920181
2020-02-10,94,94,92.5,92.5,687937
2020-02-11,93,93,91.9,92,2282535
2020-02-12,89.9,89.9,88.7,88.9,164342
2020-02-13,89,89,87,87,173463
2020-02-14,87.5,88,84.6,85.5,898453
2020-02-17,86,86.5,85.4,85.5,983006
2020-02-18,87.3,88.5,85.7,88.1,120918
2020-02-19,88.4,91,88,89.6,75762
2020-02-20,89,91.5,89,90,1182477
2020-02-24,90,91,89.5,89.8,189123
2020-02-25,90,90,88,89,53607
2020-02-26,89,89,86.9,87.5,119901
2020-02-27,88,88.5,87.1,87.1,53587
2020-02-28,87,87,85.3,86,1362027
2020-03-02,86,88.7,85,86,129904
2020-03-03,86,88.4,85.4,85.5,197920
2020-03-04,86.5,86.5,84.4,84.5,128628
2020-03-05,84.5,84.5,80.5,81,2282221
2020-03-06,81.1,81.1,79.2,80.2,1508692
2020-03-10,79,79,75.5,78,597906
2020-03-11,77.8,79.9,77.5,78.5,328128
2020-03-12,77.7,77.7,74,75,872175
2020-03-13,74,74,70,72,1102402
2020-03-20,67,67,59.6,61.5,1408702
2020-05-11,55,55,54,54,20637
2020-05-12,54,57,54,56.4,1072438
2020-05-13,57,59,55,56.6,2854836
2020-05-14,57,58.5,50,51.3,58452021
2020-05-15,52,55,50.6,54.9,3474767
2020-05-18,55.8,57.1,55.8,56,4866484
2020-05-19,57,59,56.9,58.9,7528771
2020-05-20,59,64,59,64,3935315
2020-05-21,65,71.5,65,70.9,5860715
2020-05-22,71,71.9,66.5,68,4435326
2020-05-26,69,69,63.9,64,2690451
2020-05-27,64,65.1,60.5,64.2,1092917
2020-05-28,64,65,64,64.8,1542178
2020-05-29,64.7,64.7,62.1,63,1459928
2020-06-01,63.1,63.1,60.9,61.5,943894
2020-06-02,63,63,62,62,446039
2020-06-03,62.5,64,62.5,63,960307
2020-06-04,63,63.1,62.5,63,101650
2020-06-08,63.5,64,63.4,63.6,2599109
2020-06-09,64,66.9,64,65.9,4569711
2020-06-10,66.2,66.9,65,65.4,2839767
2020-06-11,66.5,67.9,66.3,67.3,2856048
2020-06-12,67.2,69.5,66.6,69.1,2595790
2020-06-15,69.1,70,67.8,67.9,477396
2020-06-16,68.8,69.1,68,68.8,5216495
2020-06-17,69,70.5,69,69.9,4441835
2020-06-18,70,71,69.6,69.8,6277353
2020-06-19,69.8,71.4,69.8,71,4153502
2020-06-22,71,74.6,71,74.4,2390941
2020-06-23,74.8,76.9,74.6,75.7,2536361
2020-06-24,76,76.5,75,76,2436475
2020-06-25,76.4,77.5,76.4,76.6,2221766
2020-06-26,76.5,77.3,75.6,77,2876841
2020-06-29,77.1,77.6,76.5,77,1410087
2020-06-30,79.9,79.9,77.8,78.9,6612669
2020-07-01,79,79.1,77.9,78.3,827545
2020-07-02,78,78,76,77.5,2189399
2020-07-03,77.9,77.9,76.1,76.5,7222393
2020-07-06,76.5,76.5,74.5,76.2,1047980
2020-07-07,76.5,77.3,76.2,76.3,6146069
2020-07-08,76.5,77,76.3,76.7,1498999
2020-07-09,76.6,77.5,76.5,77.1,952555
2020-07-10,76,76,71,74,2923700
2020-07-13,70,73.1,66,70.9,1685234
2020-07-14,70,73.4,70,73,4442848
2020-07-15,73,73.5,71,72.7,557401
2020-07-16,73,74.5,73,74,1279568
2020-07-17,74,75,73.9,74,3210980
2020-07-20,74.8,75.4,74.8,75,1194401
2020-07-21,75,75,74.2,74.8,709159
2020-07-22,74.8,75,74.3,74.5,154750
2020-07-23,74.6,74.7,74.3,74.5,287616
2020-07-24,74.6,75,74.2,74.4,277927
2020-07-27,75,75,74.5,74.9,1449197
2020-07-28,75,75,73.8,74,1135902
2020-07-29,74,74,73.4,73.5,879905
2020-07-30,73.5,73.5,72,73.3,4396073
2020-07-31,73.5,75.1,73,75.1,1425982
2020-08-04,76,77,76,76.8,481759
2020-08-05,77,77.5,76.6,76.9,683258
2020-08-06,76.8,77.6,76.3,77.6,1361596
2020-08-07,78.5,79,76.3,77,2781751
2020-08-10,77.4,77.4,75.8,76.5,2207278
2020-08-11,76.2,77.7,76,77.7,13026789
2020-08-12,78,81.2,78,81,8328669
2020-08-13,81.5,83.9,80.8,83.4,3643132
2020-08-14,84,84,82.4,82.5,1729790
2020-08-17,82.5,82.9,80.8,82,7516677
2020-08-18,82.5,83,82,82.5,4685758
2020-08-19,82.5,83.5,82,82.6,4685384
2020-08-20,83,83.5,82.2,83.1,1937990
2020-08-21,83,83.4,82.8,83.2,450985
2020-08-24,83.1,85,83,83.3,698153
2020-08-25,83.6,83.6,81.8,81.8,6001195
2020-08-26,82.5,82.5,81.2,81.7,323296
2020-08-27,82.2,82.2,79.9,80.4,13563525
2020-08-28,80.1,82,80.1,81.5,637093
2020-08-31,81.9,81.9,80.8,80.8,686511
2020-09-02,81,81,79.7,80,912922
2020-09-03,80,80,79.5,79.5,302656
2020-09-04,79.6,79.6,78.4,78.5,1140805
2020-09-07,78.6,78.9,77.2,77.9,393535
2020-09-08,77.5,78,77.1,77.9,276468
2020-09-09,79,81.5,78.9,78.9,535107
2020-09-10,79.9,80,79,79.4,1424191
2020-09-11,79,80,79,80,233149
2020-09-14,80,80.5,79.1,79.3,815905
2020-09-15,79.5,79.5,78.4,79,1496356
2020-09-16,79,80.6,78.5,78.9,718182
2020-09-17,79.1,82.9,79,82,2161527
2020-09-18,82.9,83.8,82.6,82.8,4119392
2020-09-21,83.5,83.5,81.5,82,953540
2020-09-22,83,83,80,81,757384
2020-09-23,81.5,82,80.5,80.9,355091
2020-09-24,81,82,80.5,81,4571205
2020-09-25,81,81.9,80.5,81.5,383388
2020-09-28,81,81.5,80.5,81,583243
2020-09-29,81,81,79.5,80,1908560
2020-10-01,79.5,80,78.4,79.9,932716
2020-10-30,79.5,80,78.4,79.9,932716
2020-09-30,79.5,80,78.4,79.9,932716
2020-09-30,79.5,80,78.4,79.9,932716
2020-09-30,79.5,80,78.4,79.9,932716


