date,open,high,low,close,volume
2015-09-09,187.4,187.4,186,187,2457
2015-09-10,186.5,186.5,184,184,6127
2015-09-11,186,186,185,185,3538
2015-09-14,186,186,184.5,184.5,1813
2015-09-15,185,185,182.1,183,9615
2015-09-16,183,183.9,182.7,182.8,4050
2015-09-17,183,183.5,183,183,12001
2015-09-18,183.5,184,183.5,184,2089
2015-09-21,183.1,185,183.1,183.2,3109
2015-09-22,185,185,183,184,18295
2015-09-23,183,184,182.9,184,14809
2015-09-25,183.1,183.3,183,183,12061
2015-09-28,183.1,185,183,184.9,3684
2015-09-29,183.7,183.7,183.1,183.2,2367
2015-09-30,184.5,184.5,182.9,182.9,4336
2015-10-01,182.3,183,182.1,183,6115
2015-10-02,183,183,181.5,181.5,15609
2015-10-05,182,182,178.7,180,460234
2015-10-06,180,180,179,179.5,2957
2015-10-07,178,178,175,178,50981
2015-10-08,175.1,178,175,178,17140
2015-10-09,178,180,177.2,180,7605
2015-10-12,178.5,178.5,177,178,27407
2015-10-13,178,180,175,177,5046
2015-10-14,175.1,176,174,175,127808
2015-10-15,175,176.9,175,175,1999
2015-10-16,174.1,175.6,173.5,173.5,12820
2015-10-19,173.6,175,173.3,174.9,6765
2015-10-20,174,175,173.9,174.5,7982
2015-10-21,175,178,174.9,176,23610
2015-10-22,175.7,177.5,175,177.5,14366
2015-10-23,176.8,176.8,175,175.4,5503
2015-10-26,177.5,177.5,175.1,175.1,3200
2015-10-28,175,176,175,176,205488
2015-10-29,175.2,177,175.2,177,6431
2015-10-30,176,178,175.5,177,3962
2015-11-02,175.6,175.6,175.6,175.6,200
2015-11-03,175.6,176,174,174,4500
2015-11-04,175,175,172.2,174.9,525
2015-11-05,175,175,173.2,173.2,502
2015-11-06,175,176,174.5,174.5,10770
2015-11-09,174.5,174.5,174,174,4205
2015-11-11,174,174,172.2,172.2,2945
2015-11-12,173,173,171.9,171.9,3110
2015-11-13,168,172,167.9,170,60100
2015-11-16,168,168.2,166,168.2,96465
2015-11-17,167,169.9,167,168,21302
2015-11-18,167.1,168,167,168,1025
2015-11-19,168,168.9,168,168.9,2815
2015-11-20,168,169.9,167.5,167.5,45954
2015-11-23,169.3,170,167.5,167.5,897
2015-11-24,167.3,167.3,160.5,161.2,9134
2015-11-26,161.2,162.5,161,161,956
2015-11-27,161,162.5,161,162.5,1038
2015-11-30,162.5,162.5,160.5,161,1815
2015-12-01,162,162.5,160.5,160.5,5567
2015-12-02,160.6,160.6,160.5,160.6,410
2015-12-03,162,162,155,155,4349
2015-12-04,157,159.7,156,159.7,7648
2015-12-07,157.5,158,157.5,157.6,355
2015-12-08,158,163.3,158,159,95533
2015-12-09,162,162,160,161,203111
2015-12-10,161,161.5,159,159,104664
2015-12-11,159.1,163.5,159,160.2,70722
2015-12-14,160.5,164,160.5,160.5,16958
2015-12-15,160.5,164,160.5,164,1000560
2015-12-16,164,164,161,161.1,981
2015-12-17,162.5,168.9,161.5,163,33135
2015-12-18,167,167,163,165,32445
2015-12-21,166.5,166.5,163,166.4,15
2015-12-22,166.5,166.5,162.5,162.5,2336
2015-12-23,0,0,0,0,0
2015-12-28,162.6,162.6,162.6,162.6,2596
2015-12-29,162.3,162.7,160,162,7455
2015-12-30,162,168.8,162,168.8,3763
2015-12-31,165,168.9,165,168.9,34962
2016-01-04,168,168,168,168,4
2016-01-05,162.5,166,162.3,162.3,981
2016-01-06,162.2,166.5,161,166.5,6482
2016-01-07,161.2,164,160,164,5135
2016-01-08,160,160,159,160,8093
2016-01-11,160,160,156,159.5,5361
2016-01-12,156,156,153,153,22492
2016-01-13,158,158,154,154,5373
2016-01-14,154,158.4,153.6,154,126259
2016-01-18,153.2,153.2,152,152,7519
2016-01-19,152,152.1,150,151,8551
2016-01-20,150.1,154,150,154,24636
2016-01-21,150,152,150,150,24419
2016-01-22,151,160,150,150,15731
2016-01-25,150.5,159,148,148,30691
2016-01-26,150,152,150,150,26644
2016-01-27,152,152,150,152,3997
2016-01-28,150,154,150,150,23109
2016-01-29,150.1,152.9,150,150,256539
2016-02-01,150.1,152,150.1,150.1,60406
2016-02-02,150.1,153,150.1,153,2247
2016-02-03,153,153,150.1,150.1,6700
2016-02-05,153.1,153.1,150,150,30559
2016-02-08,150.5,152,150,150,51900
2016-02-09,150.5,158,150,150,8886
2016-02-10,150,152,150,152,7808
2016-02-11,152,152,150.2,150.2,1349
2016-02-12,151.5,151.5,150.1,151.5,40716
2016-02-15,151.5,151.5,150,150,181550
2016-02-16,149.5,151,149.5,151,69928
2016-02-17,149.9,149.9,148,149.9,6158
2016-02-18,151,151,148,148.5,7653
2016-02-19,148.5,149,148.5,148.5,5156
2016-02-23,151.5,151.5,149,149,77692
2016-02-24,150,150,150,150,10602
2016-02-25,148.5,150,147,147,3786
2016-02-26,148,150,146,147.1,1931
2016-02-29,145.3,146,145.3,146,18721
2016-03-01,145.4,145.4,143,143.5,9148
2016-03-02,142.3,142.3,140,141,12719
2016-03-03,140,145,139,145,39731
2016-03-04,140,140,139.5,139.5,3497
2016-03-08,139.5,139.5,136,136,8004
2016-03-09,135.5,139,135,136,23459
2016-03-10,136,138.9,136,138.9,11101
2016-03-11,138.9,142.2,138.9,140,18194
2016-03-14,140,140,135.1,139,530
2016-03-15,139,141,138,138,1277
2016-03-16,137,140,137,140,4268
2016-03-17,141.9,141.9,139,140,6707
2016-03-18,140,140,139,140,6136
2016-03-21,139,140,138,140,5808
2016-03-23,140,140,140,140,2000
2016-03-24,140,141,139,139,4057
2016-03-28,138.1,140,138,139.9,5515
2016-03-29,138,138,138,138,1934
2016-03-30,138,138.8,137.5,138.8,1075
2016-03-31,138,138.5,135.5,138.5,9538
2016-04-01,139.8,139.8,137,138,172
2016-04-04,139.5,139.5,139.5,139.5,304
2016-04-05,138.2,141,138.2,140,17417
2016-04-06,139.9,139.9,139,139,774
2016-04-07,139,143,139,140,912979
2016-04-08,143,144.5,140,143,72791
2016-04-11,142,145,142,142,13530
2016-04-12,142,147,142,143.5,38695
2016-04-15,150,150,143.5,143.5,37257
2016-04-18,143,146,142,142,4180
2016-04-19,141.1,144.8,141.1,144.8,36928
2016-04-20,144.8,144.8,144.5,144.8,2820
2016-04-22,144,144.9,144,144.9,1961
2016-04-25,144.8,144.8,142,142,1842
2016-04-26,145,145,141.2,144.9,55
2016-04-27,145,145,143.9,143.9,184
2016-04-28,144,144,144,144,210
2016-04-29,144.9,147.7,144.9,145,20066
2016-05-03,147.6,170,147.6,149.9,44420
2016-05-04,150,150,148,149.9,7879
2016-05-05,149,149,147,147,1979
2016-05-06,149,149.9,147.5,148,1484
2016-05-09,149,149,147.1,147.1,769
2016-05-10,147,147,146.7,147,21382
2016-05-11,146.5,147,146,146,42547
2016-05-12,146.4,146.4,145.9,145.9,720
2016-05-13,148,148,145.8,145.8,13595
2016-05-16,146,149,146,146.1,5876
2016-05-17,145.4,145.4,144.6,144.6,10310
2016-05-18,147,147,145,145,1056
2016-05-19,145,145,143,143,2383
2016-05-20,143,143,140.2,141,4112
2016-05-24,141.1,141.1,141,141.1,2001
2016-05-25,142.5,144,141,144,7970
2016-05-26,141,141,141,141,64
2016-05-27,141,141,141,141,1619
2016-05-30,144,144,140.8,141,418
2016-05-31,140,141,139.3,141,6607
2016-06-01,141,141,139,139,6425
2016-06-02,138.5,138.5,138.5,138.5,31
2016-06-03,140,140,139.5,139.5,790
2016-06-06,140,140,139,139,2122
2016-06-07,139,139,138,139,4722
2016-06-08,139,139,137.5,137.5,5270
2016-06-09,138.8,138.8,137,137.1,7551
2016-06-10,138,138,137.5,137.5,5477
2016-06-13,137.2,137.8,137.2,137.5,642
2016-06-14,137.5,137.5,136.5,136.5,2997
2016-06-15,136.5,136.5,135,136.5,11305
2016-06-16,135,136.1,134,136.1,7725
2016-06-17,136.9,136.9,134,134.5,15364
2016-06-20,135,135,134.5,134.5,4200
2016-06-21,134.5,134.5,134.5,134.5,1302
2016-06-22,134.5,134.5,134,134,16863
2016-06-23,133.9,133.9,132,132,5885
2016-06-24,131.5,131.5,129,129,5832
2016-06-27,129.4,129.4,128,128,2805
2016-06-28,127,129,127,128,2322
2016-06-29,127,127.2,126.2,127.2,2485
2016-06-30,127,127,126.5,126.5,8284
2016-07-01,128.5,128.5,128,128.5,560
2016-07-04,128.5,128.5,125.6,128,2895
2016-07-05,126,126,125.5,125.7,669
2016-07-07,126.5,127,125.6,125.6,21788
2016-07-08,126,128.5,126,128.5,3949
2016-07-11,128.6,130,128.5,130,2197
2016-07-12,130,132.9,129,131,12596
2016-07-13,132,132.9,132,132.5,1495
2016-07-14,132,132,131,132,216
2016-07-15,132,132,131.2,131.2,1011
2016-07-18,131.8,132,131,131,2091
2016-07-20,133.7,138,132,134,35817
2016-07-21,134,134,131.8,131.8,3303
2016-07-22,134,134,131.6,132,2910
2016-07-25,132.1,132.1,130.4,131,1780
2016-07-26,132,132,131.5,131.5,407
2016-07-27,131.5,131.5,130.9,131,1146
2016-07-28,131,131,130.6,131,5570
2016-07-29,131,131,131,131,321
2016-08-01,131,131,130.5,131,1948
2016-08-02,131.5,139.9,131.4,139.9,3922
2016-08-03,139.9,139.9,134,134,58558
2016-08-04,134,135,134,135,28000
2016-08-05,136,140,135,138,160774
2016-08-08,140,140,138,139,5961
2016-08-09,139,139,137,137.4,15305
2016-08-10,137.6,137.6,137.4,137.6,1843
2016-08-11,138,138,136.2,137,11771
2016-08-12,140,140,136,136.5,11478
2016-08-15,137,137,136.5,136.5,585
2016-08-16,136,136,133,134,105093
2016-08-18,134,139,133,137,116642
2016-08-19,137,137,135.9,135.9,2455
2016-08-22,135.6,136,135.5,135.9,6585
2016-08-23,135.9,136,135.6,135.6,1966
2016-08-24,135.9,135.9,133,135,3793
2016-08-25,133.5,134,133,134,8430
2016-08-26,134,134,133,134,1194
2016-08-29,133.2,133.2,133,133,2067
2016-08-30,133,133,132.8,132.8,2221
2016-08-31,132.7,132.7,130,130,25477
2016-09-01,132,132,130,130,4000
2016-09-02,131,132,130,130,10112
2016-09-05,130,130,129,129.6,1033
2016-09-06,129.6,130,129.5,130,4845
2016-09-07,130,130,129,129,7392
2016-09-08,129,129,128.8,128.8,3120
2016-09-09,129,130,128.9,130,9350
2016-09-13,129.9,129.9,129.9,129.9,3000
2016-09-14,129.9,129.9,129,129.9,2756
2016-09-15,129.8,132,128.9,129.5,20167
2016-09-19,129,129.6,128.8,129,24941
2016-09-20,131,131,128.9,128.9,512
2016-09-21,129,130,129,129.7,6024
2016-09-22,130,133,129.9,130,223476
2016-09-23,130,130,130,130,279211
2016-09-26,130,130,130,130,200
2016-09-27,129.5,130,129.5,130,725
2016-09-28,129.5,133.8,129.2,133,8450
2016-09-29,130,132.4,130,132.4,9376
2016-09-30,132.4,132.4,129,129,10012
2016-10-03,129.3,132.4,129.3,130,26521
2016-10-04,130,131,129,129,18155
2016-10-05,129.7,132,129,129,20314
2016-10-06,130,132,129,130,3226
2016-10-07,132,132,129,129,12296
2016-10-10,129,129,128.9,129,1625
2016-10-11,128.8,129,127.5,127.9,16915
2016-10-12,128,128,127,127.4,3792
2016-10-13,128,128,127,127,2965
2016-10-14,126.9,126.9,125,125.2,8846
2016-10-17,125.1,126.9,125.1,126,943
2016-10-18,126,126,125,125.1,2627
2016-10-19,125,126,125,125,8141
2016-10-20,125.5,125.5,125,125.5,241
2016-10-21,126,130,124.4,125,36602
2016-10-24,125.1,125.1,124.9,124.9,1435
2016-10-25,124.9,125,124,124,28797
2016-10-26,124.5,124.5,124,124,1216
2016-10-27,124,124,123.8,123.8,27492
2016-10-28,124,124,123.5,123.5,20167
2016-10-31,123.5,123.5,123,123.5,4795
2016-11-01,124,125,124,124,20773
2016-11-02,125,125.1,124,125,118432
2016-11-03,125,125.8,124,124.2,7900
2016-11-04,124.5,124.7,124,124.7,7482
2016-11-07,125,125,123.5,123.5,31218
2016-11-08,124.5,125,124.5,125,2110
2016-11-09,124,124.9,123.9,123.9,3570
2016-11-10,125,125,123.9,124.5,7137
2016-11-11,126.5,126.5,124.1,124.1,345
2016-11-15,125,125,122.7,122.7,11961
2016-11-16,123,123.5,122.7,122.7,4980
2016-11-17,124.9,124.9,122,122.5,9745
2016-11-18,122.5,122.5,121.6,121.6,22576
2016-11-21,121.9,123.8,121.9,122,6570
2016-11-22,121.6,121.9,118.1,118.1,15998
2016-11-23,120,120,118.1,120,16465
2016-11-24,118.3,118.3,118,118,16189
2016-11-25,117.5,120,117.5,117.8,3541
2016-11-28,118,118,117,117,1560425
2016-11-29,117.1,118,116.5,116.5,5640
2016-11-30,120,120,116.1,116.1,30712
2016-12-01,116.3,122,116.3,121.9,13892
2016-12-02,122,122.5,117.7,122.5,2238342
2016-12-05,122,127,117.7,125,1528089
2016-12-06,123.5,124,123.5,124,2627
2016-12-07,124,124,123.5,123.5,1885
2016-12-08,123,123.9,123,123.7,1828
2016-12-09,123,123,122.5,123,6060
2016-12-14,122,122,120.2,121,1900
2016-12-15,123.1,123.1,120,120.1,36401
2016-12-16,121,122,120.5,121,114513
2016-12-19,121,121,121,121,1005
2016-12-20,120.7,121,120,120.5,9194
2016-12-21,120.9,121,120,120,1261
2016-12-22,120.9,120.9,120,120,4585
2016-12-23,120,120.1,120,120.1,2032
2016-12-27,120.1,120.1,120,120.1,1630
2016-12-28,121,123,120.6,120.6,2135
2016-12-29,120.6,123,120.6,123,421
2016-12-30,123,123,120,122.5,11392
2017-01-02,123,124,121.9,121.9,10021
2017-01-03,122,122,120.5,120.5,16993
2017-01-04,120.4,120.4,120.4,120.4,100
2017-01-05,121.9,121.9,121.9,121.9,5
2017-01-06,121,121,119.9,120,6768
2017-01-09,120,121,120,121,3514
2017-01-10,120,120,117,117,18219
2017-01-11,118,120,118,119,6030
2017-01-13,119,120,119,119,13964
2017-01-16,120,120,120,120,511
2017-01-17,120,120,118,118,12613
2017-01-18,119.8,119.8,119.8,119.8,100
2017-01-19,119,119.8,118.5,119,416
2017-01-20,118.3,118.9,118,118.1,3659
2017-01-23,118.5,119.5,118.2,119.5,900
2017-01-24,119.5,119.5,117.9,117.9,1970
2017-01-25,118,118.1,118,118,12666
2017-01-26,118,118,117.9,118,2856
2017-01-27,119,121,119,119.4,2115
2017-01-30,118.2,118.2,117.9,118,7667
2017-01-31,119.3,119.4,117,117,14479
2017-02-01,119.4,120,118.8,119.9,4066
2017-02-02,120,120,117.9,117.9,4345
2017-02-03,119.5,119.5,117.7,117.7,2360
2017-02-06,117.6,117.9,117.1,117.7,10627
2017-02-07,117.7,117.9,117,117,6180
2017-02-08,117.6,118,117,117,24646
2017-02-09,116.8,117,116.5,117,23291
2017-02-13,117,117,117,117,2020
2017-02-14,117.5,120,117.5,118,1127
2017-02-15,120,120.1,119,120,14579
2017-02-16,119.6,120.7,119.6,120,18920
2017-02-17,120.5,120.5,120,120.1,680
2017-02-20,120.5,120.5,119.5,120,7198
2017-02-21,121,123.9,121,122.5,13899
2017-02-22,122.5,124,122,124,3754
2017-02-23,124,124,122,122,4695
2017-02-27,122,123,121.5,121.5,3450
2017-02-28,121.3,123,121.3,122,16310
2017-03-01,121.6,122,121.5,122,12810
2017-03-02,120,120,118.1,120,27847
2017-03-03,120,120,118.2,119.9,2187
2017-03-06,118.5,119.8,118.5,119.8,4134
2017-03-07,119,119,118.2,118.2,1181
2017-03-08,118.1,118.5,117,117,7286
2017-03-09,117.4,117.4,116.5,117,1715
2017-03-10,117,117.4,116.5,116.5,6230
2017-03-13,117.4,117.4,116,116.5,7885
2017-03-14,116,116.3,115.6,115.6,6528
2017-03-15,116.2,116.3,115.5,116.3,5089
2017-03-16,116.3,116.3,115.5,115.5,2157
2017-03-17,116.2,116.2,114.8,115,10000
2017-03-20,114.9,114.9,113.5,114,9409
2017-03-21,114,114,113.1,113.5,21945
2017-03-22,113.2,113.9,113,113,19705
2017-03-23,112.5,112.5,110.2,111,17475
2017-03-24,112,113,110.2,113,13237
2017-03-27,112,113,110.6,111,16674
2017-03-28,111,111,110,110,135624
2017-03-29,111,113,110,113,38970
2017-03-30,111.2,111.6,111,111.5,5902
2017-03-31,112,114,112,114,637968
2017-04-03,114.9,114.9,112,114,932916
2017-04-04,113.5,114,113,114,13075
2017-04-05,115,118,115,117,35640
2017-04-06,118,119.7,117,119,6839
2017-04-07,119.5,120,117.1,119.9,33310
2017-04-11,119.9,119.9,117.1,119.8,9195
2017-04-12,119.8,120.7,119.8,120.7,30097
2017-04-17,120,120.5,120,120,24658
2017-04-18,120,121,120,121,1014443
2017-04-19,121,123,120.9,122,820
2017-04-20,122,122,120,120.1,3231
2017-04-21,120.5,124,120.5,120.5,20971
2017-04-24,120.5,120.6,119,120,13361
2017-04-25,119,120,119,119,4147
2017-04-26,119.1,120,118.9,120,91178
2017-04-27,121,123,121,122.8,12837
2017-04-28,123.2,123.2,122.8,122.8,5111
2017-05-02,122.5,122.5,120.6,120.6,3284
2017-05-03,122,122.5,120.7,120.7,4113
2017-05-04,122.5,123.9,121,123.5,31889
2017-05-05,123.5,125,123.5,124,31240
2017-05-08,123.6,125,123.6,124,1002533
2017-05-09,124,125,124,125,28147
2017-05-12,125,130,125,129,39984
2017-05-15,129,129,127,127,14527
2017-05-16,128,128,126.5,126.5,14435
2017-05-17,126.1,126.1,125,125,100456
2017-05-18,125,125,123.5,123.5,51764
2017-05-19,123.3,126,123.3,125,14405
2017-05-22,126,126,125,125.3,43532
2017-05-23,125,127.6,125,127,14396
2017-05-24,127,128.5,126.5,128,47399
2017-05-25,128.1,133.5,128.1,133.5,98308
2017-05-26,133.5,133.9,130,130,19287
2017-05-29,130.5,131,129.9,130.5,12048
2017-05-30,131,131,129.1,129.7,6307
2017-05-31,130,130,129,129,10634
2017-06-01,129.5,129.6,128,129.6,727
2017-06-02,129.3,131,129,129,12650
2017-06-05,130,130,128.5,128.5,4405
2017-06-06,129,129,128.1,128.1,3287
2017-06-07,130,130,129,129,302
2017-06-09,128.5,129,128.5,128.6,109
2017-06-12,128.6,128.9,128,128,7934
2017-06-13,128.1,128.5,128,128.5,4204
2017-06-14,128.1,129.5,128,129,4447
2017-06-15,128.1,132,128,130.5,8695
2017-06-16,129.7,131,129.7,130,7614
2017-06-19,130,130,127.1,127.1,9489
2017-06-20,129.9,130,129.5,129.9,4600
2017-06-21,128.2,129.9,128.2,129.7,903
2017-06-22,128.6,129,128.5,128.5,2445
2017-06-23,128.9,128.9,128,128,1488
2017-06-27,128,128,126,128,9127
2017-06-28,128.9,128.9,127.6,127.6,11385
2017-06-29,127.1,127.7,127,127.7,11181
2017-06-30,128,129,128,129,22820
2017-07-03,129.1,129.9,128.2,129,2385
2017-07-04,128.1,129,128.1,129,1906
2017-07-05,128.5,128.5,128,128,29518
2017-07-06,128,130,128,129.7,23919
2017-07-07,129.7,129.7,128.1,129.5,11326
2017-07-10,130,130,129,129,11068
2017-07-11,129,129,128.8,129,5004
2017-07-12,128.3,128.3,128.1,128.1,3202
2017-07-13,128.4,129,127.5,128.9,7038
2017-07-14,129,129.8,128.5,129.8,3155
2017-07-17,128.5,129.1,128,129,6601
2017-07-18,127.5,127.5,126.5,126.5,5157
2017-07-19,126.9,127,126.9,127,1593
2017-07-20,127,127,125.4,126,9091
2017-07-21,125.5,126,125,125.1,20644
2017-07-24,125,126,125,125,3755
2017-07-25,125,125.4,125,125.4,15056
2017-07-26,125.5,128.9,125.1,128.9,11416
2017-07-27,127.5,127.5,127,127,5661
2017-07-28,126,128.9,124.6,124.6,8377
2017-07-31,125.1,125.1,124.6,124.7,1700
2017-08-01,126.8,126.8,125,125.3,1399
2017-08-02,124.7,125,124.6,125,1572
2017-08-03,125,125,120,124,1840
2017-08-04,124.4,124.8,120.7,120.7,58090
2017-08-08,121.5,121.5,121,121,1292
2017-08-09,0,0,0,0,0
2017-08-10,121,124,121,124,1701
2017-08-11,121.1,124,121.1,124,706
2017-08-14,124,124,124,124,300
2017-08-15,123,123,122.5,122.5,6
2017-08-16,122.9,122.9,122.9,122.9,30
2017-08-17,121.1,122,121.1,122,356
2017-08-18,121.9,122.5,121.5,122.5,6497
2017-08-21,122,122.5,120,122.5,13699
2017-08-22,120,120.5,120,120.5,185
2017-08-23,120.5,120.5,119.1,119.1,3227
2017-08-24,119.2,121.9,119,119.1,3218
2017-08-25,122,122,120.1,122,5859
2017-08-28,123,123,120.2,122.5,2024
2017-08-29,120.1,122,120.1,120.1,5757
2017-08-30,120,120,120,120,200
2017-08-31,122,122,122,122,29
2017-09-04,122,122,121.1,121.1,316
2017-09-06,121.1,121.1,120,120.1,26650
2017-09-07,120,120,119.5,120,2488
2017-09-08,120,121,120,121,541
2017-09-11,121,121,119.5,119.5,4186
2017-09-12,119.9,120,119,119.2,6033
2017-09-13,119.5,119.5,119,119,3353
2017-09-14,0,0,0,0,0
2017-09-15,119,120,119,120,10769
2017-09-18,119.5,120,119.5,120,4243
2017-09-19,120,124.9,120,122,1196
2017-09-20,120.1,121,120.1,121,1010
2017-09-21,120.1,122,120,120,72364
2017-09-22,119.7,120,119,120,970
2017-09-25,120,120.1,118.5,118.5,18779
2017-09-26,118.6,120,118.5,118.5,3807
2017-09-27,119,119.9,119,119.2,2716
2017-09-28,119.1,119.1,118,118.1,20995
2017-09-29,120,120,118.1,119,939
2017-10-02,120,120,118.3,119.1,15612
2017-10-03,120,120,119.6,120,40874
2017-10-04,125,125,120,123,65916
2017-10-06,122,123.6,122,122.3,2129
2017-10-09,127,127,123,125,6838
2017-10-10,126,126,124.8,124.8,8250
2017-10-11,124.8,128,123.9,128,17743
2017-10-12,129,134,128.5,134,149184
2017-10-13,134,138.2,134,135,112165
2017-10-16,136.5,136.9,131,132,74949
2017-10-17,131,133,130,131,99234
2017-10-19,130,130.5,128,129.8,9643
2017-10-20,128,130,128,129,61271
2017-10-23,127.7,129.5,127.6,129.5,2823
2017-10-24,129.1,129.1,129,129,42745
2017-10-25,128.5,129.4,127.5,127.5,69801
2017-10-26,129,129.5,127,129.2,12073
2017-10-27,128,129.4,128,129,16683
2017-10-30,129,129.4,129,129.4,5800
2017-10-31,129.4,130,129.2,130,34046
2017-11-01,130,133,130,130,38237
2017-11-02,130,130,129,129,6560
2017-11-06,130,130,128.6,128.6,6
2017-11-07,129.9,129.9,125,127,13351
2017-11-08,126.1,126.5,125.1,126,2982
2017-11-09,126,126,124.6,125,3686
2017-11-10,125,125,124.6,124.6,523
2017-11-13,125,125,124.1,124.1,357
2017-11-14,124.2,124.2,120,123.9,13554
2017-11-15,0,0,0,0,0
2017-11-16,122,122,122,122,1882
2017-11-17,121.5,129.9,121.5,128,1650
2017-11-20,125.4,129.5,125.4,125.8,1398
2017-11-21,128,128,125.7,125.7,60
2017-11-22,125.6,125.6,122,125.4,5856
2017-11-23,125.5,125.5,122.4,123.3,1321
2017-11-24,122.3,123,122,123,14153
2017-11-27,123,123.9,122.1,122.5,22634
2017-11-28,122.2,124,122,122,5707
2017-11-29,121.7,122.5,121.7,122.5,1194
2017-11-30,121.9,123.5,121.8,121.8,1968
2017-12-04,121.8,123.9,121.8,122.2,12096
2017-12-05,122.2,122.2,122,122,2083
2017-12-06,123,123,121.6,121.6,2312
2017-12-07,121.6,121.6,121.5,121.5,4709
2017-12-08,121.6,121.6,120.5,121,3173
2017-12-11,121.5,122,120.5,121,16014
2017-12-12,121,122.5,120.6,122.5,625
2017-12-13,122.5,122.5,120.5,120.5,5009
2017-12-14,122,123,122,122,1740
2017-12-15,122,122,122,122,15
2017-12-18,122,122,121,121.5,2214
2017-12-19,121,121,120,120,26125
2017-12-20,122,122,120,120,5002360
2017-12-21,120,121,120,120,33996
2017-12-22,120,120.2,120,120.2,1112
2017-12-26,120.7,121.9,120,120,11502
2017-12-27,120.2,121.9,120,121.5,3615
2017-12-28,122.5,122.5,122.5,122.5,250
2017-12-29,122.5,124,122.5,124,320
2018-01-02,121,121.7,120,121.7,6146
2018-01-03,121.7,124.7,121.7,124.7,560
2018-01-04,121,121.2,121,121,2195
2018-01-05,121,124,121,124,2381
2018-01-08,124,124,121.1,122,2530
2018-01-09,124,124,121.3,122,79
2018-01-10,122,122,121,122,12335
2018-01-11,121.2,121.2,121,121,2936
2018-01-12,122.4,122.9,120.5,120.5,2794
2018-01-16,121,121,120,120,7666
2018-01-17,120,120,119,120,1530
2018-01-18,119.5,120,118.5,118.5,3075
2018-01-19,119.9,119.9,119,119.9,153
2018-01-22,120,120,119,119,480
2018-01-23,119,119.3,118.6,119,63032
2018-01-24,118.6,119,118.6,118.8,2625
2018-01-25,119,119.5,119,119,9961
2018-01-26,119.5,119.5,118.9,119.5,1163
2018-01-29,120,120,119.5,119.5,350
2018-01-30,119.5,119.5,119,119.5,7432
2018-02-01,119.5,119.5,119.1,119.5,4190
2018-02-02,119.5,120,119.1,119.5,24050
2018-02-06,119.4,119.4,119,119,4718
2018-02-07,118.9,119,118.9,119,2000
2018-02-08,119,119.1,118.8,119,106436
2018-02-09,118.9,118.9,118,118,8800
2018-02-12,118.7,118.7,118.1,118.6,1702
2018-02-14,118.3,118.7,118.2,118.7,5373
2018-02-15,118.7,118.7,118.6,118.6,956
2018-02-16,118.6,120,118.3,118.8,26187
2018-02-20,121,123,121,122,12804
2018-02-21,122,122.4,121.5,122.4,14469
2018-02-22,122.4,122.5,122.2,122.4,13966
2018-02-23,122.6,123,122.6,123,12472
2018-02-26,123,123.5,122.5,123.5,155767
2018-02-27,122.5,123.5,122,122.5,21968
2018-02-28,122,122,119,119,3959
2018-03-02,118.2,120,118.2,119.4,34832
2018-03-05,119.9,120,119,119,600
2018-03-06,119,119,118.5,118.5,16731
2018-03-07,118.5,118.5,117,117,4433
2018-03-08,117,118,117,117.5,981
2018-03-09,117.5,118,117.5,118,7301
2018-03-12,118,118,117.5,117.5,1909
2018-03-13,117.8,118.2,117.4,117.4,6595
2018-03-14,117.4,117.4,116.8,117.4,5521
2018-03-15,117.5,118,117,117.1,29211
2018-03-16,117.1,118,117,117.1,8100
2018-03-19,118,119,117.1,118,8827
2018-03-20,118,118.5,118,118,16403
2018-03-21,118.5,118.5,118,118.5,23371
2018-03-22,118,119,117.5,118,55222
2018-03-23,118.8,118.8,117.5,117.5,8836
2018-03-26,118.5,118.5,117,118,21116
2018-03-27,118,118.5,117.5,117.5,4056
2018-03-29,117,117,116.8,116.8,1968
2018-04-02,116.6,118,116.6,118,2515
2018-04-03,117.1,117.1,116.8,117,3448
2018-04-04,117,118,117,118,4028
2018-04-05,117.5,118,117.5,117.5,2600
2018-04-06,117.5,118,117,118,6382
2018-04-09,116.5,116.5,116.5,116.5,2106
2018-04-10,116.5,117.5,116.5,116.5,3048
2018-04-11,117.5,117.5,117,117,4626
2018-04-12,117.8,117.8,117.8,117.8,2000
2018-04-16,117.8,117.8,117,117.1,113
2018-04-17,117.8,119,117.8,118,1525
2018-04-18,117.3,117.3,117,117,9353
2018-04-19,117,117,117,117,5000
2018-04-20,117,117,116.8,117,10602
2018-04-24,116.9,116.9,116.7,116.7,1455
2018-04-25,116.9,117,116.5,116.7,4825
2018-04-26,116.9,117,116.5,116.5,5121
2018-04-27,117,117,116.2,117,7022
2018-05-01,117,117,116,116,18962
2018-05-02,116.4,116.4,115.9,116,6318
2018-05-03,117,117,115.6,116.5,3554
2018-05-04,116,116.9,116,116,10512
2018-05-08,116,116,115,115.9,15460
2018-05-09,116,116,115,115,44827
2018-05-10,115,116,115,115.5,13036
2018-05-11,115.8,116,115.8,116,12866
2018-05-14,116,116,114.9,115,13431
2018-05-15,116,116,114.6,115,9502
2018-05-16,114.9,115.5,114.6,115,20040
2018-05-17,115.5,115.5,114.5,115,4900
2018-05-18,115.5,116,115,115,2803
2018-05-21,115,115,114,115,9790
2018-05-22,114.4,114.4,113.9,113.9,5565
2018-05-23,113.8,114,113.7,114,4856
2018-05-24,113.8,114.4,113.7,114.4,311
2018-05-25,114,114,113.8,114,6250
2018-05-28,113.9,113.9,113.7,113.9,579
2018-05-30,113.8,114,113,113,12572
2018-05-31,113,113.1,112.1,112.5,6499
2018-06-01,113,113,112.3,112.5,7116
2018-06-04,113,113,112.5,112.5,10236
2018-06-05,112.5,112.6,111,111.2,23861
2018-06-06,111,111.4,110.5,111,257630
2018-06-07,111,112,110.8,111.5,31133
2018-06-08,110.6,113,110.6,112.5,112757
2018-06-11,112.5,114,112.5,112.5,6771
2018-06-12,112,112,111,111,32151
2018-06-13,112,112,110.5,111,32564
2018-06-14,110.5,110.5,110.3,110.3,1918
2018-06-18,110.8,112,109.8,110,19152
2018-06-19,109.7,110.4,109.6,109.6,1280
2018-06-20,109.6,110,109,109,2799
2018-06-22,109,109,108.4,108.5,4901
2018-06-25,108.3,109,108.1,109,511
2018-06-26,108.2,108.2,105,108,15456
2018-06-28,107,107,104.5,104.5,9482
2018-06-29,105,105,104.5,105,3932
2018-07-02,105,105,101.7,101.7,12956
2018-07-03,102,103.2,101,101.5,10807
2018-07-04,101,101,99,100,46096
2018-07-05,100,101.5,100,101,13660
2018-07-06,101.5,103,101.5,101.8,241802
2018-07-09,102,102.1,100.1,100.1,124616
2018-07-10,100.3,105,100.3,105,12520
2018-07-11,104,105,103,103,16326
2018-07-12,105,105,104,104.5,73890
2018-07-13,104,104,103,103,1443
2018-07-16,104.5,104.5,103.1,104,311
2018-07-17,104.2,107,103.5,104.5,24226
2018-07-18,104.5,104.5,103,103,119499
2018-07-19,106.7,106.7,103,103.5,166152
2018-07-20,106,106,103.1,105,894
2018-07-23,103,105,103,105,11272
2018-07-24,105,105.5,105,105.2,8647
2018-07-25,105.2,105.2,104,105,1613
2018-07-26,105,105,105,105,2692
2018-07-30,102,102,100.3,102,156
2018-07-31,101,104,101,103.5,456
2018-08-01,102.2,103.5,100,100,57287
2018-08-02,99.4,103,99.1,100,8253
2018-08-03,100,103,100,102,1269
2018-08-06,101.9,101.9,100,101,4200
2018-08-07,100.2,100.2,100,100,4040
2018-08-08,102,102,99.5,102,597
2018-08-09,102,102,101,101,200
2018-08-10,102,102,99.5,99.5,4454
2018-08-13,99.2,100,99.2,100,3132
2018-08-14,99.9,99.9,98,98,22909
2018-08-15,98,98.5,97.4,97.4,368
2018-08-16,98.5,98.5,98,98.3,543
2018-08-17,97.5,97.5,97,97,1254
2018-08-20,98.4,98.5,95,95,17617
2018-08-21,95,95,94,94,3003
2018-08-23,94.4,94.5,93.4,94.5,2071
2018-08-24,94.4,94.5,94.4,94.5,637
2018-08-27,94.1,94.4,94,94.4,2323
2018-08-28,94.3,95,94.3,94.5,8023
2018-08-29,94.5,99.1,94,99.1,70438
2018-08-30,99.8,99.8,99.5,99.6,460
2018-08-31,99.5,100,99.5,100,13274
2018-09-03,101,101,98,100,17454
2018-09-04,101,101,99,99,183
2018-09-05,100,100,99.1,99.1,5676
2018-09-06,99,99,99,99,600
2018-09-07,99.5,100,99,99,387
2018-09-10,96.5,96.5,94,95,9650
2018-09-11,96.5,96.5,95,95,745
2018-09-12,96.4,96.4,94,94,988
2018-09-13,94.1,96.5,94.1,96.4,4324
2018-09-14,94.1,95.5,93.4,94.2,11538
2018-09-17,96.7,99.5,93.6,95,1065
2018-09-18,96,96,93.5,94.5,1677
2018-09-19,94,94,93.5,93.6,351
2018-09-20,96.7,96.7,92.5,92.5,8276
2018-09-21,91.6,92.4,91,92,4633
2018-09-25,91,91.6,90.6,90.6,2900
2018-09-26,90.5,93.5,90.3,93.5,221
2018-09-27,93,93,89.9,90,12335
2018-09-28,93.5,93.5,89.5,90,11035
2018-10-01,89.4,90,89.4,90,2825
2018-10-02,89.5,89.5,88.5,89.5,4940
2018-10-03,89.5,91,88,90.9,26848
2018-10-04,91,91,90,90.8,2512
2018-10-05,92,92.9,92,92,4526
2018-10-08,94,95,90.1,95,11140
2018-10-09,95,95,91,91,3435
2018-10-10,91,91,90,90,10503
2018-10-11,90,90.1,89.5,90,4832
2018-10-12,90,90,90,90,16519
2018-10-15,90,90.1,89.2,89.2,13631
2018-10-16,89.5,90,89.5,90,10500
2018-10-17,92.5,92.5,91,91,201
2018-10-18,91,91,90,90,3007
2018-10-19,89.5,89.5,88,88,4246
2018-10-22,89,89,89,89,750
2018-10-23,88.5,89.5,87.6,87.7,494
2018-10-25,87.6,87.6,87,87,14827
2018-10-26,88.5,90,87,90,17763
2018-10-29,90,93,90,92,8653
2018-10-31,93.5,93.5,92,93,10538
2018-11-01,92,100,92,98,38363
2018-11-02,99,100.5,95.2,97,48778
2018-11-05,97,99.5,96.5,98.4,2725
2018-11-07,97,97,92,92,7259
2018-11-08,90.5,90.5,90,90,21089
2018-11-09,93.7,95,93.7,95,8421
2018-11-12,91.2,94,91.1,94,594
2018-11-13,94,94,94,94,400
2018-11-14,93,93,90,92,6022
2018-11-15,92,92,91.1,91.1,124
2018-11-16,94.9,94.9,91.5,91.5,111
2018-11-19,91.5,91.5,90,91,8482
2018-11-21,91,91,88.1,91,6545
2018-11-23,94.7,94.7,91,91,11720
2018-11-26,91,92,91,91,4423
2018-11-27,91,93.3,91,92.6,8870
2018-11-28,92.5,92.5,91.5,91.5,3000
2018-11-29,92,92.5,92,92.5,1300
2018-11-30,93,95,93,94.9,3739
2018-12-03,94,95,94,94.5,3816
2018-12-04,94,94,93.3,93.3,14993
2018-12-05,94.7,94.9,94,94.1,925
2018-12-06,94.9,95,94.9,95,2309
2018-12-07,94,96.5,94,95,212
2018-12-10,95,95,95,95,1374
2018-12-11,94,94,91,94,1149
2018-12-12,95,95,92,94,51960
2018-12-13,94,94,92,92,1003
2018-12-17,91.5,91.5,90.3,90.3,1196
2018-12-18,90.4,92.9,90.2,90.2,3433
2018-12-19,90.3,92.9,90,90,20921
2018-12-20,0,0,0,0,0
2018-12-21,94.7,94.7,94.7,94.7,10
2018-12-24,94,94,90.5,90.5,225
2018-12-26,91,94,91,94,1913
2018-12-27,94,94,94,94,210
2018-12-28,94.9,95,93.1,94,463
2018-12-31,94,94,92.1,93,1973
2019-01-02,93.5,94,91.3,93,3393
2019-01-03,94.7,94.7,91.6,91.7,1295
2019-01-04,92,94.3,91.7,94.3,1199
2019-01-07,93,94.1,91.5,94.1,5884
2019-01-08,91.5,91.6,91.5,91.5,640
2019-01-09,91.8,91.9,90.5,91.9,1631
2019-01-10,90.7,90.7,90.5,90.5,351
2019-01-11,91,91,90.3,90.3,256
2019-01-14,90.3,90.3,90.3,90.3,275
2019-01-16,90.3,92,90.3,90.5,1895
2019-01-17,92,92,90.5,90.5,922
2019-01-18,90.3,90.5,90,90,4715
2019-01-21,92,92,90,90,697
2019-01-22,92,92,89,89,5575
2019-01-23,88,88,80,82,32081
2019-01-24,81.5,82,79,79.5,19258
2019-01-25,79.1,79.5,77.5,78.5,17475
2019-01-28,77,79,76.4,77.5,6865
2019-01-29,77,78.9,76.5,78,11554
2019-01-30,78.9,78.9,77.6,78,13257
2019-01-31,78.9,82,78.9,81.6,13199
2019-02-01,82.3,85.5,82,84.9,142225
2019-02-05,84.9,85,83.9,83.9,627
2019-02-06,84,84,83,83.5,8512
2019-02-07,83.5,84,82.5,84,6534
2019-02-08,82,84,82,82.5,1463
2019-02-11,82.1,83.5,82,82,3431
2019-02-12,81,81,79,79,6140
2019-02-13,79.5,82,78.2,79,732
2019-02-14,82,82,79,79,8081
2019-02-15,81.9,81.9,78.6,78.9,1311
2019-02-18,79,79,78.6,79,3328
2019-02-20,78.9,80,78,79.5,22675
2019-02-21,79,80,78,78,10935
2019-02-22,78,78,77.8,78,3040
2019-02-25,78.5,79.9,78,79,33798
2019-02-26,78,80,78,78,67902
2019-02-27,78.1,80,77.9,80,10616
2019-02-28,78,78,76.3,76.5,3685
2019-03-01,76.5,76.5,76.1,76.1,1303
2019-03-05,76,76.5,76,76.5,3052
2019-03-06,76,76,75,76,2539
2019-03-07,76.4,76.4,75,76.1,2059
2019-03-08,76.5,76.5,74.8,75,1632
2019-03-11,76.5,76.5,74,74,356
2019-03-12,74.5,76,74,75,4469
2019-03-13,75,76.5,75,75,6420
2019-03-14,75,75,74.9,74.9,163
2019-03-15,75,75,74,74,218
2019-03-18,74,74,73,73,2813
2019-03-19,73,73,70.1,70.1,4949
2019-03-21,72,72,71,72,2431
2019-03-22,72,72,70,70,33470
2019-03-25,70,72,69.5,71.9,26214
2019-03-26,72,74,71,72,10323
2019-03-27,70.1,70.1,69.5,70,21428
2019-03-28,70,71,69.6,69.6,53621
2019-03-29,70,71,69.5,69.7,21519
2019-04-01,69.8,71.8,69.8,71.8,850
2019-04-02,70,77,70,76,14307
2019-04-03,75.8,75.8,75.8,75.8,79
2019-04-04,75.8,75.8,72,74.5,4242
2019-04-05,74,74,71.1,71.1,1533
2019-04-08,72.6,74,71.7,73,1297
2019-04-09,72,72,71.8,72,3674
2019-04-10,73.5,73.5,72,72,2010
2019-04-11,72,72,70,70,62460
2019-04-16,71.8,72.1,71.8,72,2453
2019-04-17,73,73.4,70.5,73.3,111984
2019-04-23,71,72,70.1,70.7,2761
2019-04-24,71.6,72.4,70.9,72.4,7012
2019-04-25,71.2,71.2,71,71,12945
2019-04-26,0,0,0,0,0
2019-04-29,73.5,73.5,71.1,71.1,21
2019-04-30,71.2,71.2,71,71,9477
2019-05-02,71,73,71,73,1606
2019-05-06,71.5,71.5,71.5,71.5,3000
2019-05-07,70.5,71,69.9,70,12563
2019-05-08,70,70,69.5,69.5,2377
2019-05-09,70,70,69.6,70,52
2019-05-10,69.7,69.9,68.1,68.1,11190
2019-05-13,68.7,68.7,67.9,67.9,6207
2019-05-14,68.4,68.4,67.1,68,930
2019-05-15,67.2,68,67.2,68,8833
2019-05-16,67.3,68,67,67,20531
2019-05-21,68.9,74.5,67.3,67.3,1501
2019-05-22,68,70,68,69.9,1880
2019-05-23,70,70,68,70,69400
2019-05-27,69,70,68.6,70,61
2019-05-28,70,70,68.7,69,1364
2019-05-29,70,70,69.9,70,903
2019-05-30,70,70.4,69,69,6400
2019-06-03,70,70,68,70,3352
2019-06-04,70,70,68.5,69,21
2019-06-06,68.8,70,68.5,70,427
2019-06-10,69,70,68.6,69.9,2870
2019-06-11,69.9,70,69.6,69.9,24766
2019-06-12,69.8,70,69.7,69.9,10842
2019-06-13,70,72.9,70,70,27176
2019-06-17,70,71.8,70,70,3679
2019-06-18,70.1,70.1,70.1,70.1,800
2019-06-19,70.3,71.8,70.2,71.8,7797
2019-06-20,71,71,70.2,70.3,3483
2019-06-24,70.5,72,70.5,70.8,13227
2019-06-25,71.9,71.9,71,71.1,336
2019-06-26,71.9,72.6,71.9,72,13785
2019-06-27,72.9,72.9,71,71.9,850
2019-06-28,71.5,72.7,71.5,72,6603
2019-07-01,72.7,72.7,72,72,2702
2019-07-02,71,71,71,71,10
2019-07-03,71.1,74,71,73.9,8541
2019-07-04,72.2,74.1,72.2,74,2305
2019-07-08,75,76.8,75,76.8,10341
2019-07-09,77.9,84.4,77.9,84,43300
2019-07-10,83.5,83.9,82,82,4470
2019-07-11,83,83,81.5,82.5,2096
2019-07-12,83,83.9,81.6,81.6,384
2019-07-15,81.6,84,81.5,84,19046
2019-07-17,84,85,83.5,84,25005
2019-07-18,84.9,85.9,84.9,85,12059
2019-07-22,85,85,83.5,85,19737
2019-07-23,84,85,84,84.5,4195
2019-07-24,84,86.5,84,85,129745
2019-07-25,86.5,93,86.4,91,146731
2019-07-26,90,95,90,94.1,98795
2019-07-29,94.5,99.9,92.4,99.1,172864
2019-07-30,99.8,101,96.2,98,106453
2019-07-31,96.5,97.5,95,95,113032
2019-08-01,94.1,96.5,94,94,14439
2019-08-02,92,94.8,90,93.8,12774
2019-08-05,94.8,94.8,92,92,1505
2019-08-06,92,93,91,93,11243
2019-08-07,91.1,93.5,90.5,93,572
2019-08-08,93.5,93.5,92,92,130
2019-08-09,93,99,93,96.6,21405
2019-08-13,96.9,99,95,95.9,10329
2019-08-15,95.5,95.5,94,95,4308
2019-08-16,95.9,98,93,93,5604
2019-08-19,97.2,97.2,95,95,44
2019-08-20,95,95,92,93.9,3213
2019-08-21,93.5,94,92.2,93.9,6473
2019-08-22,93.9,93.9,92.3,93.5,225
2019-08-23,92.3,92.5,92,92,10961
2019-08-26,92,93,90,90,12144
2019-08-27,92.5,93,92,92.9,4203
2019-08-28,93,94,91,92.8,3946
2019-08-29,92.8,92.9,91,92.5,2003
2019-08-30,92.4,94.8,92.4,94.3,2908
2019-09-02,94.5,96,92.1,93.8,7217
2019-09-03,93.9,94,91.1,91.9,6260
2019-09-04,91.9,93.8,90,93.5,204421
2019-09-05,93.5,93.5,90.2,93,1091
2019-09-06,92.8,92.8,88,90,88875
2019-09-09,93.5,93.5,90,92.8,530
2019-09-10,92.9,92.9,90.9,90.9,662
2019-09-11,92,92,89.5,89.9,1822
2019-09-12,89.9,90,89,89.8,1295
2019-09-16,89.8,89.8,89,89.8,907
2019-09-17,89,89.5,88.2,89,2351
2019-09-18,89,89,88.1,88.9,142
2019-09-19,89,92.2,88.6,90,8736
2019-09-20,89,90,89,89,356
2019-09-23,88.6,89,88,88,3964
2019-09-24,88.5,88.5,88,88.3,598
2019-09-25,88.3,88.3,87.4,88,866
2019-09-26,87.3,88.3,87.2,88.3,2088
2019-09-27,87.5,88.3,87.5,88.3,823
2019-09-30,88.3,95,88,88.8,6155
2019-10-01,88,89,87.1,88.5,18416
2019-10-02,88,88,86.1,86.1,1443
2019-10-03,88,88,87,87.8,1887
2019-10-04,90,90,87.5,87.5,1373
2019-10-07,89.9,92.6,87.5,91.3,2141
2019-10-08,92,92,88.1,88.5,4846
2019-10-09,90,92.3,90,91.9,15562
2019-10-11,92.9,92.9,90.3,92.5,269
2019-10-14,91.6,94,91.6,93.6,8366
2019-10-15,93.5,93.5,90.1,91.9,1392
2019-10-16,91.9,91.9,90.5,91,948
2019-10-17,91,93,90.8,92.8,27893
2019-10-18,91.9,92.8,91.8,92.6,497
2019-10-21,92.5,94.9,92.4,94.2,1396768
2019-10-22,94.2,94.2,92.2,93.9,1927
2019-10-23,93.9,93.9,93,93,31959
2019-10-24,93,93.8,92.2,93.8,940
2019-10-25,93.4,93.7,92.5,93.7,4277
2019-10-28,93.8,93.8,92.2,93.7,3107
2019-10-29,93,93.7,93,93.7,1901
2019-10-30,94,94,93.5,93.9,20229
2019-10-31,94,94,93.5,94,3659
2019-11-01,93.5,94,93,94,5416
2019-11-04,94,94.2,94,94,16988
2019-11-05,93.5,94,93,94,14415
2019-11-06,94,94.5,92.5,92.5,6728
2019-11-07,92,94,92,94,4221
2019-11-08,94,94,93.1,93.1,2450
2019-11-13,94,94,93,93.1,3537
2019-11-14,93,93,92,92,3301
2019-11-15,93,95,93,95,12713
2019-11-18,96.2,99,96.2,97,21349
2019-11-19,98,99,97,97.5,6175
2019-11-20,96.1,97.4,95.8,96.5,2158
2019-11-21,96.5,96.5,96,96,10297
2019-11-22,99.9,99.9,94,96,12687
2019-11-25,95.9,97.9,94,94,1420
2019-11-26,96.1,96.1,94,95,946
2019-11-27,94.9,95,94,95,7260
2019-11-28,95,97.9,95,97.9,9251
2019-11-29,97.8,97.9,94,97.8,549
2019-12-02,97.9,98,97.5,98,9966
2019-12-03,97.5,97.5,97,97.2,14819
2019-12-04,97,97,94,96,17239
2019-12-05,96,96,93,93,529
2019-12-06,94,95.9,93,93,2777
2019-12-09,94,94,91.2,91.6,2471
2019-12-10,93.7,93.7,90,90.5,6327
2019-12-12,90,93,90,92.9,673
2019-12-13,92.9,92.9,89.5,92.9,8797
2019-12-16,92.9,92.9,90,90.5,994
2019-12-17,90.5,92.9,90,90.9,459
2019-12-18,92,92,90.2,91.4,2711
2019-12-19,90.5,90.5,90.1,90.3,1221
2019-12-20,90.3,91.5,90,91.4,3317
2019-12-23,90,90,88,89.9,22523
2019-12-24,91.3,91.3,88,90,12103
2019-12-26,90,91.4,90,90,6617
2019-12-27,90,92.7,90,92.3,15468
2019-12-30,92.4,92.4,90.6,91.9,103
2019-12-31,92.4,92.4,90.5,91.9,3086
2020-01-03,90,91.7,88.8,91.6,3262
2020-01-06,91.7,91.7,88.4,91.7,2287
2020-01-07,88.4,90,88.4,89.9,1007
2020-01-08,88,88,86,86.9,10223
2020-01-09,86.9,91.8,86.5,88,2187
2020-01-13,88,91,88,88,1803
2020-01-14,88.9,88.9,88.7,88.7,304
2020-01-16,89,89,84.8,85,17814
2020-01-17,86.5,86.5,84,85,1500
2020-01-20,86.5,86.5,83.3,85.9,47
2020-01-21,83.2,85.9,83.2,85,10980
2020-01-22,86.4,88.2,86,86,9999
2020-01-23,85.1,90,85,86.9,19539
2020-01-24,87,89,85,86.8,14624
2020-01-27,88.9,88.9,85,85.1,14152
2020-01-28,85,86.9,84,84.9,6093
2020-01-29,85,86.9,85,85,9174
2020-01-30,85,86.5,84,84,4944
2020-01-31,86.4,86.4,83,83.5,15768
2020-02-03,84.9,86.4,84.9,85.5,11570
2020-02-05,86.3,86.5,85,86.4,1770
2020-02-06,86.5,86.9,86,86,1902
2020-02-07,85.1,86.5,84.3,84.3,6276
2020-02-10,84.3,86,84.3,85.5,13769
2020-02-11,86,86,84,84,3748
2020-02-12,84.2,85,83.9,84,2739
2020-02-13,86,86,84,85.9,6613
2020-02-14,86.5,86.5,84.5,85,3477
2020-02-17,86.4,86.4,84,86,2098
2020-02-18,84.1,84.2,83.5,84,4036
2020-02-19,84.1,86,84.1,85,23430
2020-02-20,86,86,84,85,7002
2020-02-24,84,85,84,84,2238
2020-02-25,84,85.4,83.3,84.9,2259
2020-02-26,84.9,84.9,81,82,2896
2020-02-27,81.1,81.5,80.5,81,6348
2020-02-28,80.2,83.3,80,80.5,6868
2020-03-02,78,83,78,82.6,1260
2020-03-03,82.8,82.8,80.2,81,2667
2020-03-04,81,81,79,79,2470
2020-03-05,78.6,81,78,79,7457
2020-03-06,78.1,78.1,75,77.4,7958
2020-03-10,73,73,70.5,71,25509
2020-03-11,76.9,77,73.5,74,9284
2020-03-12,75,75,70.5,70.5,5352
2020-03-13,69,69,66.1,68,5154
2020-03-20,65,65,58,60,12754
2020-05-11,55,55,55,55,1273
2020-05-12,50,52,49.5,50,23814
2020-05-13,50,50,48.9,48.9,99055
2020-05-14,49,49,48,48,43354
2020-05-15,48,57,47.9,55,26314
2020-05-18,58.9,59.5,54,56,51669
2020-05-19,58.8,66,58,62.5,25228
2020-05-20,68,68,58.8,63,47406
2020-05-21,65,69.8,65,67.9,85976
2020-05-22,68,70,66.7,67.9,126474
2020-05-26,67.5,67.5,65.2,66.1,35125
2020-05-27,66.1,66.1,63.9,63.9,45360
2020-05-28,65.1,65.9,64.5,65.8,20786
2020-05-29,65.9,65.9,64,64,12088
2020-06-01,65,65,64,64.4,1713
2020-06-02,64.5,64.5,63.2,64.3,2372
2020-06-03,64.5,64.5,63,63,22580
2020-06-04,63,63.5,63,63.4,651
2020-06-08,63.5,64,63,63.5,11437
2020-06-09,63.5,64,63,63.9,209325
2020-06-10,64,65.9,64,65,20944
2020-06-11,65,65.4,64.5,65.2,2141
2020-06-12,65.7,65.7,63.5,65,6583
2020-06-15,64,65,63.6,65,4731
2020-06-16,65,65,64.2,65,54390
2020-06-17,65.8,65.9,64.6,65,46714
2020-06-18,65.9,67.9,65,65,281828
2020-06-19,67.3,67.3,65,66.8,180239
2020-06-22,67,68.9,67,68,61465
2020-06-23,68.8,69.9,67.6,68.5,119761
2020-06-24,69,69,67.9,68.5,83051
2020-06-25,65.1,68.4,64.9,68,79954
2020-06-26,68,68,66.1,68,26484
2020-06-29,68.2,68.2,66.7,67,18427
2020-06-30,67.3,67.5,66,66,34235
2020-07-01,66.1,67,66,66,14876
2020-07-02,66.1,66.1,65,65.5,34157
2020-07-03,65.9,66,63,63,34270
2020-07-06,64.9,64.9,63.2,63.8,3335
2020-07-07,64,68,64,66.6,7616
2020-07-08,66.8,66.8,64.7,64.9,7669
2020-07-09,66.5,66.5,63,65,7256
2020-07-10,65,65,62,62.8,37281
2020-07-13,60,60.5,57,60,50316
2020-07-14,59.6,64.8,58.6,62.5,112249
2020-07-15,60.2,60.7,59.5,59.8,11523
2020-07-16,60,63,59.8,60,406624
2020-07-17,60,60.1,59.8,60,506267
2020-07-20,61.9,61.9,59.9,60,559538
2020-07-21,61.8,61.8,59.5,60,1437666
2020-07-22,60,60,59.9,60,170234
2020-07-23,60,60,59.8,60,102873
2020-07-24,60,60,59.5,59.8,263941
2020-07-27,60,60,59.8,59.8,83316
2020-07-28,60,60,59.7,59.8,192453
2020-07-29,60,60,59.8,60,47170
2020-07-30,59.9,60,59.2,59.5,39583
2020-07-31,60,60,59.5,60,117212
2020-08-04,60,60,59.7,59.8,296523
2020-08-05,59.9,59.9,59.7,59.8,106357
2020-08-06,59.8,59.9,59.7,59.8,54896
2020-08-07,60,60,59.5,59.8,376862
2020-08-10,60,60,59.3,59.7,30243
2020-08-11,59.7,59.9,59.2,59.4,160940
2020-08-12,59.8,61,59.6,59.7,7094354
2020-08-13,60,62.6,60,61.6,4450165
2020-08-14,62,66.2,61.5,62.8,18016527
2020-08-17,63,63.7,62.8,62.9,830220
2020-08-18,63.3,64.5,63,64.1,1622106
2020-08-19,64.5,64.9,63.5,64.5,1651885
2020-08-20,64.5,66.5,64.3,66,2922395
2020-08-21,66.5,68.9,66.5,68.6,1818546
2020-08-24,69,69.4,67.6,68.2,2385189
2020-08-25,68.3,68.3,66.5,66.8,1352191
2020-08-26,67,68.9,65,68.3,7368910
2020-08-27,68.4,69.2,67.3,68,1021606
2020-08-28,68,68.2,67.5,67.7,153154
2020-08-31,68,69.1,67.9,68.6,6297307
2020-09-02,68.4,69.5,68.2,68.3,849117
2020-09-03,68.5,68.5,66.8,66.9,1219230
2020-09-04,66.5,67.6,65,66.9,744428
2020-09-07,66,67.2,65.9,66.1,292243
2020-09-08,66.5,67.3,66.4,67.2,487209
2020-09-09,68.5,68.9,67.4,67.9,1162940
2020-09-10,68,68.4,67.2,67.7,239918
2020-09-11,68,68.2,67.5,68,294475
2020-09-14,68.3,68.3,67.6,67.8,276868
2020-09-15,67.8,68,67,68,728113
2020-09-16,67.6,68.5,67.5,68,909737
2020-09-17,68,73.1,67.8,72.6,1396419
2020-09-18,73,75,72,73,1412022
2020-09-21,74,74,70.5,71.5,1065332
2020-09-22,72,72.4,70.4,71.8,336496
2020-09-23,71.3,71.5,69.7,70.5,2466358
2020-09-24,70.1,71,70.1,70.6,91506
2020-09-25,70.6,72.4,70.3,72,219720
2020-09-28,72.2,72.3,70.7,71.2,302147
2020-09-29,70.9,71.4,68.1,70,390840
2020-09-30,70,70,68.4,70,1309100
2020-10-02,70,70.5,68.9,68.9,353074
2020-10-05,66,67,61,62.9,1712707
2020-10-06,62,65,60.5,62.3,1006582
2020-10-07,62,65.2,62,63.2,991668
2020-10-08,63.5,65.8,63.5,64.8,913263
2020-10-09,64.9,66,64,64,525778
